Company,TypeName,Inches,Ram,Gpu,OpSys,Weight,Price,HDD,SSD,Touchscreen,IPS,X_res,Y_res,ppi,Cpu brand
Apple,Ultrabook,13.3,8,Intel Iris Plus Graphics 640,macOS,1.37,11.175754549129524,0,128,0,1,2560,1600,226.98300468106115,Intel Core i5
Apple,Ultrabook,13.3,8,Intel HD Graphics 6000,macOS,1.34,10.77677731765335,0,128,0,0,1440,900,127.67794013309688,Intel Core i5
HP,Notebook,15.6,8,Intel HD Graphics 620,Others/No OS/Linux,1.86,10.329931067029484,0,256,0,0,1920,1080,141.21199808219862,Intel Core i5
Apple,Ultrabook,15.4,16,AMD Radeon Pro 455,macOS,1.83,11.814475944954545,0,512,0,1,2880,1800,220.53462386625827,Intel Core i7
Apple,Ultrabook,13.3,8,Intel Iris Plus Graphics 650,macOS,1.37,11.473100972779063,0,256,0,1,2560,1600,226.98300468106115,Intel Core i5
Acer,Notebook,15.6,4,AMD Radeon R5,Windows,2.1,9.967025573340116,500,0,0,0,1366,768,100.45466986113651,AMD Processor
Apple,Ultrabook,15.4,16,Intel Iris Pro Graphics,macOS,2.04,11.64410811545818,0,256,0,1,2880,1800,220.53462386625827,Intel Core i7
Apple,Ultrabook,13.3,8,Intel HD Graphics 6000,macOS,1.34,11.03061499223515,0,256,0,0,1440,900,127.67794013309688,Intel Core i5
Asus,Ultrabook,14.0,16,Nvidia GeForce MX150,Windows,1.3,11.285442512056921,0,512,0,0,1920,1080,157.3505121487356,Intel Core i7
Acer,Ultrabook,14.0,8,Intel UHD Graphics 620,Windows,1.6,10.621951541079863,0,256,0,1,1920,1080,157.3505121487356,Intel Core i5
HP,Notebook,15.6,4,Intel HD Graphics 620,Others/No OS/Linux,1.86,9.951658096208995,500,0,0,0,1366,768,100.45466986113651,Intel Core i5
HP,Notebook,15.6,4,Intel HD Graphics 520,Others/No OS/Linux,1.86,9.819076457336159,500,0,0,0,1920,1080,141.21199808219862,Intel Core i3
Apple,Ultrabook,15.4,16,AMD Radeon Pro 555,macOS,1.83,11.775302049361828,0,256,0,1,2880,1800,220.53462386625827,Intel Core i7
Dell,Notebook,15.6,4,AMD Radeon R5 M430,Windows,2.2,10.187966701099125,0,256,0,0,1920,1080,141.21199808219862,Intel Core i3
Apple,Ultrabook,12.0,8,Intel HD Graphics 615,macOS,0.92,11.116330976323743,0,256,0,1,2304,1440,226.41554716935852,Other Intel Processor
Apple,Ultrabook,13.3,8,Intel Iris Plus Graphics 640,macOS,1.37,11.301072237406668,0,256,0,1,2560,1600,226.98300468106115,Intel Core i5
Dell,Notebook,15.6,8,AMD Radeon R5 M430,Windows,2.2,10.588945244611693,0,256,0,0,1920,1080,141.21199808219862,Intel Core i7
Apple,Ultrabook,15.4,16,AMD Radeon Pro 560,macOS,1.83,11.933438384721946,0,512,0,1,2880,1800,220.53462386625827,Intel Core i7
Lenovo,Notebook,15.6,8,Nvidia GeForce 940MX,Others/No OS/Linux,2.2,10.188167121983652,1,0,0,0,1920,1080,141.21199808219862,Intel Core i3
Dell,Ultrabook,13.3,8,Intel UHD Graphics 620,Windows,1.22,10.862092668762644,0,128,1,1,1920,1080,165.6321180513006,Intel Core i5
Asus,Netbook,11.6,2,Intel HD Graphics 400,Windows,0.98,9.232535429245788,0,32,0,0,1366,768,135.0942111925629,Other Intel Processor
Lenovo,Gaming,15.6,8,Nvidia GeForce GTX 1050,Windows,2.5,10.882315804880687,1,128,0,1,1920,1080,141.21199808219862,Intel Core i5
HP,Notebook,15.6,4,AMD Radeon R2,Others/No OS/Linux,1.86,9.528520611153752,500,0,0,0,1366,768,100.45466986113651,AMD Processor
Dell,2 in 1 Convertible,13.3,8,Intel UHD Graphics 620,Windows,1.62,10.683645110085203,0,256,1,0,1920,1080,165.6321180513006,Intel Core i5
HP,Ultrabook,15.6,8,Intel HD Graphics 620,Windows,1.91,10.46628456073464,0,256,0,0,1920,1080,141.21199808219862,Intel Core i7
Dell,Notebook,15.6,4,Intel HD Graphics 520,Windows,2.3,10.012572388296086,1,0,0,0,1366,768,100.45466986113651,Intel Core i3
Apple,Ultrabook,13.3,8,Intel HD Graphics 6000,macOS,1.35,10.977716980635755,0,128,0,0,1440,900,127.67794013309688,Intel Core i5
Dell,Notebook,15.6,8,AMD Radeon 530,Windows,2.2,10.660172753900062,0,256,0,0,1920,1080,141.21199808219862,Intel Core i5
Dell,Ultrabook,15.6,8,Intel UHD Graphics 620,Windows,1.88,11.144140923496169,0,512,0,0,1920,1080,141.21199808219862,Intel Core i7
HP,Notebook,17.3,8,Nvidia GeForce 930MX,Windows,2.5,10.773501439207065,1,0,0,0,1920,1080,127.33567457123111,Intel Core i5
Chuwi,Notebook,15.6,4,Intel HD Graphics,Windows,1.89,9.476778419617322,0,64,0,0,1920,1080,141.21199808219862,Other Intel Processor
Asus,Notebook,14.0,2,AMD Radeon R2,Windows,1.65,9.268865850956626,0,32,0,0,1366,768,111.93520355955211,AMD Processor
HP,Notebook,17.3,4,AMD Radeon 530,Windows,2.71,10.060060439307305,500,0,0,0,1920,1080,127.33567457123111,AMD Processor
Dell,Ultrabook,13.3,16,Intel UHD Graphics 620,Windows,1.2,11.508719833687696,0,512,1,0,3200,1800,276.053530085501,Intel Core i7
Apple,Ultrabook,13.3,8,Intel HD Graphics 6000,macOS,1.35,10.881314302543597,0,256,0,0,1440,900,127.67794013309688,Intel Core i5
Lenovo,Notebook,14.0,4,Intel HD Graphics 500,Windows,1.44,9.493013922696841,0,64,0,0,1366,768,111.93520355955211,Other Intel Processor
Acer,Notebook,15.6,4,Intel HD Graphics 620,Others/No OS/Linux,2.1,9.880922874286703,1,0,0,0,1366,768,100.45466986113651,Intel Core i3
Dell,Notebook,17.3,8,AMD Radeon 530,Windows,2.8,10.862092668762644,1,128,0,1,1920,1080,127.33567457123111,Intel Core i5
HP,Notebook,15.6,4,Intel HD Graphics 620,Windows,1.86,10.167289367847482,1,0,0,0,1366,768,100.45466986113651,Intel Core i5
HP,Notebook,15.6,8,Nvidia GeForce 930MX ,Windows,2.1,10.754345923917311,0,256,0,0,1920,1080,141.21199808219862,Intel Core i5
Asus,Notebook,15.6,4,Intel HD Graphics 620,Others/No OS/Linux,2.0,9.93914036985058,1,0,0,0,1920,1080,141.21199808219862,Intel Core i3
Dell,Gaming,15.6,16,Nvidia GeForce GTX 1060,Windows,2.65,11.288114524334732,1,256,0,1,1920,1080,141.21199808219862,Intel Core i7
Asus,Notebook,15.6,8,Nvidia GeForce 940MX,Others/No OS/Linux,2.3,10.235123369655367,1,0,0,0,1366,768,100.45466986113651,Intel Core i5
Acer,Notebook,15.6,4,Intel UHD Graphics 620,Windows,2.2,10.500590684075595,0,256,0,1,1920,1080,141.21199808219862,Intel Core i5
Dell,2 in 1 Convertible,17.3,12,Nvidia GeForce 150MX,Windows,2.77,10.882315804880687,1,0,1,0,1920,1080,127.33567457123111,Intel Core i5
Apple,Ultrabook,13.3,8,Intel Iris Graphics 540,macOS,1.37,11.233268703392177,0,256,0,1,2560,1600,226.98300468106115,Intel Core i5
Lenovo,Notebook,15.6,4,Intel HD Graphics 520,Others/No OS/Linux,2.2,9.88635767027266,0,128,0,0,1366,768,100.45466986113651,Intel Core i3
Asus,Gaming,17.3,8,AMD Radeon RX 580,Windows,3.2,11.144911042902732,1,256,0,0,1920,1080,127.33567457123111,AMD Processor
Dell,Notebook,15.6,4,AMD Radeon R5 M430,Windows,2.3,10.435465480609668,0,256,0,0,1920,1080,141.21199808219862,Intel Core i5
Asus,Notebook,17.3,4,Nvidia GeForce 920MX,Windows,2.8,10.11974666035778,1,0,0,0,1366,768,90.58340172449303,Other Intel Processor
Lenovo,2 in 1 Convertible,10.1,4,Intel HD Graphics 400,Others/No OS/Linux,0.69,9.740752129016979,0,64,1,1,1920,1200,224.17380907857276,Other Intel Processor
Acer,Notebook,15.6,8,Nvidia GeForce MX150,Windows,2.2,10.710152686205081,0,256,0,1,1920,1080,141.21199808219862,Intel Core i7
HP,Notebook,15.6,4,AMD Radeon R4 Graphics,Windows,1.86,9.963243430044656,0,256,0,0,1920,1080,141.21199808219862,AMD Processor
HP,Notebook,13.3,8,Intel UHD Graphics 620,Windows,1.49,10.981350045485636,0,512,0,0,1920,1080,165.6321180513006,Intel Core i7
Acer,Notebook,15.6,4,Intel HD Graphics 620,Windows,2.4,9.92620357881986,1,0,0,0,1366,768,100.45466986113651,Intel Core i3
Dell,Notebook,15.6,8,AMD Radeon 520,Windows,2.13,10.619090308798832,0,256,0,0,1920,1080,141.21199808219862,Intel Core i7
HP,Notebook,15.6,4,Intel HD Graphics 520,Windows,1.91,10.060060439307305,0,128,0,0,1920,1080,141.21199808219862,Intel Core i3
Asus,Notebook,15.6,4,Intel HD Graphics 620,Windows,2.0,10.349204995339194,0,256,0,0,1366,768,100.45466986113651,Intel Core i5
MSI,Gaming,17.3,16,Nvidia GeForce GTX 1070,Windows,2.43,11.778996083184301,2,256,0,0,1920,1080,127.33567457123111,Intel Core i7
Asus,Notebook,15.6,4,Intel HD Graphics 520,Others/No OS/Linux,2.0,10.003839546462832,0,256,0,0,1920,1080,141.21199808219862,Intel Core i3
Dell,Notebook,17.3,16,AMD Radeon 530,Windows,2.8,11.144911042902732,2,256,0,0,1920,1080,127.33567457123111,Intel Core i7
Dell,Ultrabook,14.0,8,Intel UHD Graphics 620,Windows,1.7,10.754345923917311,0,256,0,0,1920,1080,157.3505121487356,Intel Core i5
Lenovo,Notebook,14.0,8,Intel HD Graphics 620,Others/No OS/Linux,1.7,10.370822624347584,0,256,0,1,1920,1080,157.3505121487356,Intel Core i3
Asus,Notebook,14.0,8,Intel UHD Graphics 620,Windows,1.4,10.822504165817513,0,256,0,0,1920,1080,157.3505121487356,Intel Core i5
HP,Notebook,15.6,8,Intel HD Graphics 620,Windows,1.86,10.51225262382344,0,256,0,0,1920,1080,141.21199808219862,Intel Core i5
Asus,Ultrabook,15.6,16,Nvidia GeForce GTX 1050 Ti,Windows,1.8,11.56792715475193,0,512,0,0,1920,1080,141.21199808219862,Intel Core i7
HP,Notebook,15.6,4,AMD Radeon 520,Windows,1.86,10.059354039524031,500,0,0,0,1366,768,100.45466986113651,Intel Core i3
HP,Notebook,14.0,4,Intel HD Graphics 400,Windows,1.44,9.409283029786373,0,32,0,0,1366,768,111.93520355955211,Other Intel Processor
Lenovo,Notebook,15.6,4,Intel HD Graphics 620,Windows,1.9,10.283659467741664,1,0,0,0,1920,1080,141.21199808219862,Intel Core i5
Asus,Gaming,17.3,12,Nvidia GeForce GTX 1050 Ti,Others/No OS/Linux,3.0,10.830969824842061,1,0,0,0,1920,1080,127.33567457123111,Intel Core i7
Microsoft,Ultrabook,13.5,4,Intel HD Graphics 620,Windows,1.252,10.968576149165093,0,128,1,0,2256,1504,200.84255993695703,Intel Core i5
Dell,Ultrabook,13.3,8,AMD Radeon 530,Windows,1.4,10.837272366712863,0,256,0,1,1920,1080,165.6321180513006,Intel Core i7
Dell,Notebook,15.6,8,AMD Radeon 530,Windows,2.2,10.744054237880762,0,256,0,0,1920,1080,141.21199808219862,Intel Core i7
MSI,Gaming,17.3,8,Nvidia GeForce GTX 1050,Windows,2.7,10.974070668482735,1,128,0,0,1920,1080,127.33567457123111,Intel Core i5
Acer,Notebook,14.0,8,Intel HD Graphics 520,Windows,2.1,9.93914036985058,1,0,0,0,1366,768,111.93520355955211,Intel Core i3
Asus,Gaming,15.6,8,Nvidia GeForce GTX 1050,Windows,2.2,10.830969824842061,1,0,0,0,1920,1080,141.21199808219862,Intel Core i7
Lenovo,Notebook,15.6,8,Intel HD Graphics 620,Others/No OS/Linux,2.2,10.227464909398023,2,0,0,0,1920,1080,141.21199808219862,Intel Core i5
Dell,Notebook,15.6,8,Intel UHD Graphics 620,Windows,2.02,10.726662495168894,1,128,0,0,1920,1080,141.21199808219862,Intel Core i7
Acer,Notebook,15.6,4,Nvidia GeForce MX130,Windows,2.2,10.248438032778301,1,0,0,0,1920,1080,141.21199808219862,Intel Core i3
HP,Notebook,17.3,8,Nvidia GeForce 930MX,Windows,2.5,10.860047678274917,1,128,0,0,1920,1080,127.33567457123111,Intel Core i5
Dell,Ultrabook,15.6,8,Intel UHD Graphics 620,Windows,1.88,10.975129468486722,0,256,0,1,1920,1080,141.21199808219862,Intel Core i5
Apple,Ultrabook,12.0,8,Intel HD Graphics 615,macOS,0.92,11.295425956041104,0,512,0,1,2304,1440,226.41554716935852,Intel Core i5
HP,Notebook,14.0,8,Intel HD Graphics 620,Windows,1.63,10.732493415479688,0,256,0,0,1920,1080,157.3505121487356,Intel Core i5
Lenovo,Notebook,15.6,4,AMD R4 Graphics,Windows,2.2,9.964522443121997,0,128,0,0,1920,1080,141.21199808219862,AMD Processor
Acer,Notebook,15.6,4,AMD Radeon R5,Windows,2.1,9.954446791133256,1,0,0,0,1366,768,100.45466986113651,AMD Processor
Dell,Gaming,15.6,16,Nvidia GeForce GTX 1050 Ti,Windows,2.65,11.18267988243989,1,128,0,1,1920,1080,141.21199808219862,Intel Core i7
HP,Ultrabook,15.6,8,Nvidia GeForce GTX 940MX,Windows,1.83,10.525211768465944,0,256,0,1,1920,1080,141.21199808219862,Intel Core i7
HP,Notebook,15.6,8,Intel HD Graphics 620,Windows,1.96,10.370805929717411,0,256,0,0,1920,1080,141.21199808219862,Intel Core i5
Asus,Gaming,15.6,16,Nvidia GeForce GTX 1060,Windows,2.2,11.254189968552817,1,128,0,1,1920,1080,141.21199808219862,Intel Core i7
Dell,Ultrabook,13.3,8,Intel UHD Graphics 620,Windows,1.21,11.383485348791732,0,256,0,1,1920,1080,165.6321180513006,Intel Core i7
Asus,Gaming,15.6,8,AMD Radeon RX 560,Windows,2.45,10.525211768465944,1,0,0,0,1920,1080,141.21199808219862,AMD Processor
Acer,Notebook,15.6,8,Nvidia GeForce MX150,Windows,2.2,10.510802297245792,1,0,0,0,1920,1080,141.21199808219862,Intel Core i7
HP,Notebook,13.3,16,Intel UHD Graphics 620,Windows,1.49,11.063134731790107,0,512,0,0,1920,1080,165.6321180513006,Intel Core i7
Dell,Gaming,15.6,8,Nvidia GeForce GTX 1060,Windows,2.65,11.061462490597744,0,256,0,0,1920,1080,141.21199808219862,Intel Core i5
Asus,Ultrabook,14.0,8,Intel HD Graphics 620,Windows,1.25,10.931153634628432,0,256,0,0,1920,1080,157.3505121487356,Intel Core i7
Acer,2 in 1 Convertible,13.3,8,Intel UHD Graphics 620,Windows,1.5,10.717261720884188,0,256,1,1,1920,1080,165.6321180513006,Intel Core i5
Dell,Notebook,15.6,8,AMD Radeon R5 M430,Others/No OS/Linux,2.2,10.372324000891181,1,0,0,0,1920,1080,141.21199808219862,Intel Core i7
Dell,Notebook,15.6,4,AMD Radeon R5 M430,Others/No OS/Linux,2.2,10.159709917169616,0,256,0,0,1920,1080,141.21199808219862,Intel Core i3
Asus,Notebook,15.6,6,Nvidia GeForce 920M,Windows,2.0,10.333403292740233,0,256,0,0,1920,1080,141.21199808219862,Intel Core i3
HP,Gaming,15.6,12,Nvidia GeForce GTX 1050,Windows,2.62,11.105659536357711,1,128,0,1,1920,1080,141.21199808219862,Intel Core i7
HP,Notebook,15.6,8,AMD Radeon 530,Windows,1.91,10.55342238395318,0,256,0,0,1920,1080,141.21199808219862,Intel Core i7
HP,Notebook,15.6,4,AMD Radeon R2,Windows,2.1,9.83063294843456,500,0,0,0,1920,1080,141.21199808219862,AMD Processor
Dell,Notebook,15.6,8,AMD Radeon 520,Others/No OS/Linux,2.2,10.447907320733034,1,0,0,0,1920,1080,141.21199808219862,Intel Core i5
HP,Ultrabook,13.3,8,Nvidia GeForce MX150,Windows,1.38,10.99575173454406,0,256,0,1,1920,1080,165.6321180513006,Intel Core i7
Microsoft,Ultrabook,13.5,8,Intel HD Graphics 620,Windows,1.252,11.17598591917709,0,256,1,0,2256,1504,200.84255993695703,Intel Core i5
HP,Notebook,14.0,6,Nvidia GeForce 940MX,Windows,1.58,10.46628456073464,0,256,0,1,1920,1080,157.3505121487356,Intel Core i5
Lenovo,Notebook,15.6,4,Intel HD Graphics 520,Windows,1.85,10.003598553570956,1,0,0,0,1920,1080,141.21199808219862,Intel Core i3
Asus,Ultrabook,14.0,8,Nvidia GeForce 940MX,Windows,1.3,11.05978744833005,0,256,0,1,1920,1080,157.3505121487356,Intel Core i7
MSI,Gaming,15.6,16,Nvidia GeForce GTX 1050 Ti,Windows,2.2,11.144911042902732,1,256,0,0,1920,1080,141.21199808219862,Intel Core i7
Lenovo,Notebook,14.0,8,Intel HD Graphics 620,Windows,1.58,11.275358392990295,0,256,0,1,1920,1080,157.3505121487356,Intel Core i7
Asus,Ultrabook,15.6,16,Nvidia GeForce MX150,Windows,1.5,11.116014069333293,1,256,0,0,1920,1080,141.21199808219862,Intel Core i7
Dell,Ultrabook,13.3,8,Intel Iris Plus Graphics 640,Windows,1.23,11.204674904025435,0,256,1,0,3200,1800,276.053530085501,Intel Core i7
Lenovo,2 in 1 Convertible,13.3,8,Intel HD Graphics 620,Windows,1.37,11.219074000897615,0,256,1,1,1920,1080,165.6321180513006,Intel Core i5
HP,Notebook,14.0,4,Intel UHD Graphics 620,Windows,1.63,10.55758616512496,500,0,0,1,1366,768,111.93520355955211,Intel Core i5
Dell,Ultrabook,13.3,8,Intel UHD Graphics 620,Windows,1.21,11.371282634834179,0,256,0,1,1920,1080,165.6321180513006,Intel Core i5
HP,2 in 1 Convertible,13.3,8,Intel UHD Graphics 620,Windows,1.26,11.219066852909238,0,256,1,1,1920,1080,165.6321180513006,Intel Core i5
HP,Notebook,14.0,8,Intel UHD Graphics 620,Windows,1.63,10.963974208231726,0,512,0,0,1920,1080,157.3505121487356,Intel Core i7
Dell,Notebook,15.6,8,Nvidia GeForce 940MX,Windows,2.16,11.005825930702713,1,256,0,1,1920,1080,141.21199808219862,Intel Core i7
Asus,Notebook,17.3,4,Nvidia GeForce 920MX,Windows,2.0,10.310615277730193,1,0,0,0,1920,1080,127.33567457123111,Intel Core i3
Asus,Notebook,15.6,8,Nvidia GeForce 940MX,Windows,1.7,10.994857679947177,0,256,0,0,1920,1080,141.21199808219862,Intel Core i7
Acer,Notebook,15.6,6,Intel HD Graphics 620,Windows,2.1,10.147261623643049,1,0,1,1,1920,1080,141.21199808219862,Intel Core i3
MSI,Gaming,15.6,16,Nvidia GeForce GTX 1070,Windows,1.8,11.690461589827628,2,256,0,0,1920,1080,141.21199808219862,Intel Core i7
Lenovo,Notebook,15.6,8,Nvidia GeForce 940MX,Others/No OS/Linux,2.2,10.419692282932575,0,256,0,0,1920,1080,141.21199808219862,Intel Core i5
HP,Notebook,17.3,16,Nvidia GeForce 930MX ,Windows,2.5,11.123120297421588,0,512,0,0,1920,1080,127.33567457123111,Intel Core i7
Acer,Notebook,15.6,4,AMD Radeon R5,Windows,2.1,10.087028365734811,0,256,0,0,1366,768,100.45466986113651,AMD Processor
HP,Notebook,15.6,4,Intel HD Graphics 400,Others/No OS/Linux,1.86,9.532389087931671,500,0,0,0,1366,768,100.45466986113651,Other Intel Processor
HP,Notebook,14.0,8,Intel UHD Graphics 620,Windows,1.63,10.675061366393813,1,0,0,0,1920,1080,157.3505121487356,Intel Core i5
Asus,Notebook,14.0,4,AMD Radeon R2,Windows,1.65,9.603146168052769,0,64,0,0,1366,768,111.93520355955211,AMD Processor
Dell,Notebook,17.3,16,AMD Radeon 530,Windows,2.8,11.216927309554451,2,256,0,0,1920,1080,127.33567457123111,Intel Core i7
HP,Notebook,17.3,8,Intel UHD Graphics 620,Windows,2.5,10.808592759018333,0,256,0,0,1920,1080,127.33567457123111,Intel Core i5
Dell,Notebook,15.6,8,AMD Radeon R7 M445,Windows,2.36,10.435449831034946,1,0,0,0,1366,768,100.45466986113651,Intel Core i5
Dell,Notebook,15.6,4,AMD Radeon R5 M430,Windows,2.2,10.082583913974387,1,0,0,0,1920,1080,141.21199808219862,Intel Core i3
Acer,Ultrabook,14.0,8,Intel UHD Graphics 620,Windows,1.6,10.760018088869778,0,256,0,1,1920,1080,157.3505121487356,Intel Core i7
Acer,Notebook,15.6,4,Nvidia GeForce MX130,Windows,2.2,10.324700017611931,0,256,0,0,1920,1080,141.21199808219862,Intel Core i3
HP,Notebook,15.6,8,Intel HD Graphics 620,Windows,2.05,10.369151780182765,1,0,0,0,1366,768,100.45466986113651,Intel Core i7
HP,Notebook,14.0,8,Intel UHD Graphics 620,Windows,1.63,10.871243723980001,0,256,0,0,1920,1080,157.3505121487356,Intel Core i7
Lenovo,Notebook,15.6,4,Intel HD Graphics 500,Others/No OS/Linux,1.9,9.506417665734743,1,0,0,0,1366,768,100.45466986113651,Other Intel Processor
Asus,Gaming,17.3,8,Nvidia GeForce GTX 1050,Windows,3.0,10.81931097523836,1,128,0,0,1920,1080,127.33567457123111,Intel Core i5
Lenovo,Notebook,15.6,4,Nvidia GeForce 920MX,Others/No OS/Linux,2.2,10.188167121983652,1,0,0,0,1920,1080,141.21199808219862,Intel Core i5
HP,Notebook,13.3,4,Intel HD Graphics 620,Windows,1.32,10.525211768465944,0,256,0,1,1920,1080,165.6321180513006,Intel Core i5
Acer,Notebook,17.3,4,Nvidia GeForce MX130,Windows,3.0,10.460196261867386,1,0,0,1,1920,1080,127.33567457123111,Intel Core i3
Lenovo,Notebook,14.0,8,AMD Radeon RX 550,Windows,1.75,10.993085090159761,0,256,0,1,1920,1080,157.3505121487356,Intel Core i5
Lenovo,Gaming,15.6,8,Nvidia GeForce GTX 1050M,Others/No OS/Linux,2.4,10.742904151497525,0,256,0,1,1920,1080,141.21199808219862,Intel Core i7
Toshiba,Notebook,15.6,4,Intel HD Graphics 520,Windows,2.1,10.375818471540954,500,0,0,0,1366,768,100.45466986113651,Intel Core i5
HP,Notebook,15.6,4,AMD Radeon R4 Graphics,Windows,1.86,9.88635767027266,0,256,0,0,1366,768,100.45466986113651,AMD Processor
Asus,Ultrabook,14.0,8,Intel UHD Graphics 620,Windows,1.25,10.977716980635755,0,256,0,0,1920,1080,157.3505121487356,Intel Core i7
HP,Ultrabook,12.5,8,Intel HD Graphics 515,Windows,0.97,11.583439099510642,0,512,1,1,3840,2160,352.4651472131677,Other Intel Processor
Asus,Notebook,15.6,4,Intel HD Graphics 500,Windows,2.0,9.816202683605532,1,0,0,0,1920,1080,141.21199808219862,Other Intel Processor
MSI,Gaming,17.3,16,Nvidia GeForce GTX 1070,Windows,2.9,11.590859366057948,1,256,0,0,1920,1080,127.33567457123111,Intel Core i7
Acer,Notebook,15.6,4,Intel HD Graphics 520,Windows,2.1,10.078119620845703,1,0,0,0,1366,768,100.45466986113651,Intel Core i3
Dell,Gaming,15.6,16,Nvidia GeForce GTX 1050,Windows,2.56,11.105867681227291,0,512,0,0,1920,1080,141.21199808219862,Intel Core i7
Dell,Gaming,15.6,8,Nvidia GeForce GTX 1050,Windows,2.62,10.776844060703754,0,0,0,0,1920,1080,141.21199808219862,Intel Core i7
Lenovo,Notebook,15.6,4,Intel HD Graphics 620,Windows,1.9,10.186161103256786,0,128,0,0,1366,768,100.45466986113651,Intel Core i5
MSI,Gaming,17.3,16,Nvidia GeForce GTX 1060,Windows,2.8,11.519893134285821,1,256,0,0,1920,1080,127.33567457123111,Intel Core i7
HP,Ultrabook,14.0,4,Intel HD Graphics 620,Windows,1.48,10.962127485638561,0,256,0,0,1920,1080,157.3505121487356,Intel Core i5
HP,Notebook,15.6,6,AMD Radeon 520,Windows,1.91,10.403666298916729,0,256,0,0,1920,1080,141.21199808219862,Intel Core i5
Lenovo,2 in 1 Convertible,14.0,4,Intel HD Graphics 620,Windows,1.74,10.419692282932575,0,256,1,1,1920,1080,157.3505121487356,Intel Core i3
Asus,2 in 1 Convertible,13.3,8,Intel HD Graphics 620,Windows,1.1,11.157152970843999,0,256,1,0,1920,1080,165.6321180513006,Intel Core i5
Dell,2 in 1 Convertible,15.6,8,Intel UHD Graphics 620,Windows,1.56,10.931153634628432,0,256,1,0,1920,1080,141.21199808219862,Intel Core i7
Toshiba,Notebook,15.6,4,Intel HD Graphics 520,Windows,2.1,10.078119620845703,500,0,0,0,1366,768,100.45466986113651,Intel Core i3
Asus,Notebook,15.6,4,AMD Radeon R5 M420,Windows,2.03,9.974497588178817,1,0,0,0,1366,768,100.45466986113651,AMD Processor
Acer,Notebook,17.3,4,Nvidia GeForce MX150,Windows,3.0,10.666403303650696,0,256,0,1,1920,1080,127.33567457123111,Intel Core i5
Dell,Notebook,15.6,8,AMD Radeon 520,Windows,2.13,10.56586207442882,0,256,0,0,1920,1080,141.21199808219862,Intel Core i5
Lenovo,Gaming,15.6,16,Nvidia GeForce GTX 1050 Ti,Windows,2.5,10.959350991490268,0,256,0,1,1920,1080,141.21199808219862,Intel Core i7
Acer,Notebook,15.6,4,Intel HD Graphics 500,Windows,2.1,9.827763506006608,1,0,0,0,1366,768,100.45466986113651,Other Intel Processor
MSI,Gaming,15.6,16,Nvidia GeForce GTX 1060,Windows,2.4,11.470547260182666,1,256,0,1,1920,1080,141.21199808219862,Intel Core i7
Acer,Notebook,15.6,4,Intel HD Graphics 505,Windows,2.1,9.871367833143674,1,0,0,0,1366,768,100.45466986113651,Other Intel Processor
Dell,Gaming,15.6,8,Nvidia GeForce GTX 1050,Windows,2.56,10.942047370678033,1,128,0,0,1920,1080,141.21199808219862,Intel Core i7
Acer,Notebook,17.3,8,Nvidia GeForce MX150,Windows,3.0,10.725492220020703,0,256,0,1,1920,1080,127.33567457123111,Intel Core i5
HP,Notebook,13.3,4,Intel UHD Graphics 620,Windows,1.49,10.60095339424009,500,0,0,1,1920,1080,165.6321180513006,Intel Core i5
Huawei,Ultrabook,13.0,8,Intel HD Graphics 620,Windows,1.05,11.18267988243989,0,256,0,1,2160,1440,199.69207064108247,Intel Core i5
HP,Notebook,17.3,6,AMD Radeon 520,Windows,2.71,10.525211768465944,2,0,0,1,1920,1080,127.33567457123111,Intel Core i5
Lenovo,Notebook,15.6,4,AMD Radeon R4 Graphics,Others/No OS/Linux,2.2,9.708902303129879,500,0,0,0,1366,768,100.45466986113651,AMD Processor
Toshiba,Notebook,15.6,4,Intel HD Graphics 620,Windows,2.0,10.167923515707006,500,0,0,0,1366,768,100.45466986113651,Intel Core i3
HP,Notebook,17.3,8,Nvidia GeForce 930MX,Windows,2.5,10.803190260734986,0,256,0,0,1920,1080,127.33567457123111,Intel Core i5
Dell,Notebook,15.6,8,Intel HD Graphics 620,Windows,2.3,10.104611236292678,1,0,0,0,1366,768,100.45466986113651,Intel Core i3
Acer,Notebook,15.6,4,Intel HD Graphics 520,Windows,2.1,10.082583913974387,0,128,0,0,1366,768,100.45466986113651,Intel Core i3
MSI,Gaming,18.4,32,Nvidia GTX 980 SLI,Windows,4.4,11.912578515747587,1,512,0,0,1920,1080,119.7232157653423,Intel Core i7
Lenovo,Notebook,15.6,8,AMD R17M-M1-70,Windows,1.9,10.676292135779944,1,128,0,0,1920,1080,141.21199808219862,Intel Core i5
HP,2 in 1 Convertible,13.3,8,Intel UHD Graphics 620,Windows,1.29,11.288114524334732,0,256,1,1,3840,2160,331.2642361026012,Intel Core i5
Dell,Notebook,15.6,16,AMD Radeon 530,Others/No OS/Linux,2.02,10.931153634628432,2,256,0,0,1920,1080,141.21199808219862,Intel Core i7
Dell,Ultrabook,13.3,8,Intel UHD Graphics 620,Windows,1.23,11.219074000897615,0,256,0,0,1920,1080,165.6321180513006,Intel Core i5
Lenovo,2 in 1 Convertible,13.9,16,Intel UHD Graphics 620,Windows,1.4,11.49796125761926,0,512,1,1,3840,2160,316.96506044349616,Intel Core i7
Toshiba,Notebook,15.6,8,Intel HD Graphics 620,Windows,2.0,10.651384247866982,0,128,0,0,1366,768,100.45466986113651,Intel Core i5
Xiaomi,Notebook,15.6,8,Nvidia GeForce MX150,Others/No OS/Linux,1.95,11.064804181259648,0,256,0,1,1920,1080,141.21199808219862,Intel Core i5
Dell,Notebook,17.3,16,Nvidia GeForce 150MX,Windows,2.77,11.320925866649002,0,512,1,0,1920,1080,127.33567457123111,Intel Core i7
Dell,Notebook,15.6,16,Nvidia GeForce GTX 1050,Windows,2.06,11.757534260666517,0,512,1,0,3840,2160,282.42399616439724,Intel Core i7
Lenovo,Gaming,15.6,8,Nvidia GeForce GTX 1050,Others/No OS/Linux,2.4,10.633572072102883,0,256,0,1,1920,1080,141.21199808219862,Intel Core i5
Acer,Ultrabook,13.3,8,Intel HD Graphics 615,Windows,1.12,10.872255357854845,0,256,0,1,1920,1080,165.6321180513006,Intel Core i5
Dell,Notebook,17.3,8,AMD Radeon 530,Windows,2.8,10.964896292206694,1,128,0,0,1920,1080,127.33567457123111,Intel Core i7
Lenovo,2 in 1 Convertible,14.0,16,Intel HD Graphics 620,Windows,1.42,11.921470624845266,0,1,1,0,2560,1440,209.8006828649808,Intel Core i7
Vero,Notebook,14.0,4,Intel HD Graphics 500,Windows,1.3,9.536242657247662,0,32,0,1,1920,1080,157.3505121487356,Other Intel Processor
Xiaomi,Ultrabook,13.3,8,Nvidia GeForce MX150,Others/No OS/Linux,1.3,10.883216300213938,0,256,0,1,1920,1080,165.6321180513006,Intel Core i5
Lenovo,Notebook,17.3,8,Nvidia GeForce MX150,Others/No OS/Linux,2.8,10.523780128994506,0,256,0,0,1600,900,106.11306214269258,Intel Core i5
Dell,2 in 1 Convertible,13.3,8,Intel UHD Graphics 620,Windows,1.62,10.70777173269934,1,0,1,1,1920,1080,165.6321180513006,Intel Core i7
HP,Notebook,17.3,8,Nvidia GeForce 930MX,Windows,2.5,10.793391597686284,1,0,0,1,1920,1080,127.33567457123111,Intel Core i5
Razer,Gaming,17.3,32,Nvidia GeForce GTX 1080,Windows,3.49,12.69144112852859,0,1,1,0,3840,2160,254.67134914246222,Intel Core i7
HP,Notebook,13.3,8,Intel UHD Graphics 620,Windows,1.49,10.841452101115571,0,512,0,0,1920,1080,165.6321180513006,Intel Core i5
HP,Gaming,17.3,16,Nvidia GeForce GTX 1050,Windows,3.35,11.204674904025435,1,256,0,1,1920,1080,127.33567457123111,Intel Core i7
HP,Notebook,17.3,8,Nvidia GeForce 930MX ,Windows,2.5,10.927333190631044,0,256,0,0,1920,1080,127.33567457123111,Intel Core i7
Dell,Gaming,15.6,16,Nvidia GeForce GTX 1060,Windows,2.65,11.495795582706762,1,512,0,1,3840,2160,282.42399616439724,Intel Core i7
Lenovo,Notebook,15.6,4,Intel HD Graphics 520,Windows,2.1,10.176070200274824,0,128,0,0,1366,768,100.45466986113651,Intel Core i5
Acer,Notebook,15.6,8,Nvidia GeForce 940MX,Windows,2.23,10.584910269399515,1,0,0,0,1920,1080,141.21199808219862,Intel Core i7
Lenovo,Gaming,15.6,16,Nvidia GeForce GTX 1060,Windows,3.2,11.442360501250736,1,512,0,1,1920,1080,141.21199808219862,Intel Core i7
Dell,Workstation,15.6,16,Nvidia Quadro M1200,Windows,2.8,12.000095897837829,1,256,0,0,3840,2160,282.42399616439724,Other Intel Processor
Lenovo,Gaming,15.6,16,Nvidia GeForce GTX 1060,Others/No OS/Linux,2.4,11.21835894902589,0,512,0,0,1920,1080,141.21199808219862,Intel Core i7
Dell,Notebook,15.6,6,Intel HD Graphics 620,Windows,2.3,10.060060439307305,1,0,1,0,1366,768,100.45466986113651,Intel Core i3
Dell,Ultrabook,13.3,8,Intel UHD Graphics 620,Windows,1.21,11.550632725739694,0,256,1,1,3840,2160,331.2642361026012,Intel Core i7
Dell,Ultrabook,13.3,8,Intel UHD Graphics 620,Windows,1.2,11.254189968552817,0,256,0,0,1920,1080,165.6321180513006,Intel Core i7
Lenovo,Notebook,15.6,8,Intel HD Graphics 620,Windows,2.2,10.367478139624735,0,256,0,0,1366,768,100.45466986113651,Intel Core i5
Acer,Notebook,15.6,8,Nvidia GeForce GTX 1050,Others/No OS/Linux,2.4,10.633572072102883,1,0,0,0,1920,1080,141.21199808219862,Intel Core i7
Asus,Gaming,17.3,16,Nvidia GeForce GTX 1050,Windows,2.9,11.224776083346523,1,256,0,0,1920,1080,127.33567457123111,Intel Core i7
HP,Notebook,15.6,4,Intel HD Graphics 520,Others/No OS/Linux,2.1,9.83063294843456,500,0,0,0,1920,1080,141.21199808219862,Intel Core i3
Lenovo,Notebook,15.6,8,Intel HD Graphics 620,Others/No OS/Linux,2.2,10.283659467741664,0,256,0,0,1920,1080,141.21199808219862,Intel Core i5
Huawei,Ultrabook,13.0,8,Intel HD Graphics 620,Windows,1.05,11.288114524334732,0,512,0,1,2160,1440,199.69207064108247,Intel Core i7
Dell,Ultrabook,13.3,8,AMD Radeon 530,Windows,1.4,10.812765077263235,0,256,0,1,1920,1080,165.6321180513006,Intel Core i7
Lenovo,Notebook,17.3,8,Nvidia GeForce GTX 940MX,Others/No OS/Linux,2.8,10.353987209883721,1,0,0,0,1600,900,106.11306214269258,Intel Core i5
HP,Notebook,14.0,8,Nvidia GeForce 930MX,Windows,1.63,10.913845510249093,0,256,0,0,1920,1080,157.3505121487356,Intel Core i7
Dell,Ultrabook,14.0,8,Intel UHD Graphics 620,Windows,1.6,11.02220830408089,0,256,0,0,1920,1080,157.3505121487356,Intel Core i5
Dell,2 in 1 Convertible,13.3,16,Intel UHD Graphics 620,Windows,1.62,11.129394827810977,0,512,1,0,1920,1080,165.6321180513006,Intel Core i7
Dell,Notebook,15.6,8,AMD Radeon 520,Others/No OS/Linux,2.2,10.493749152258879,0,256,0,0,1920,1080,141.21199808219862,Intel Core i5
Lenovo,2 in 1 Convertible,14.0,8,Intel UHD Graphics 620,Windows,1.74,10.776844060703754,0,256,0,1,1920,1080,157.3505121487356,Intel Core i5
Toshiba,Ultrabook,13.3,8,Intel HD Graphics 520,Windows,1.2,11.193004457928666,0,256,0,0,1920,1080,165.6321180513006,Intel Core i7
HP,Notebook,15.6,8,Intel UHD Graphics 620,Windows,2.1,10.65264448747927,1,0,0,0,1920,1080,141.21199808219862,Intel Core i5
Dell,Gaming,17.3,16,Nvidia GeForce GTX 1060,Windows,4.42,11.781988742399806,1,256,0,1,1920,1080,127.33567457123111,Intel Core i7
Acer,Notebook,15.6,8,Nvidia GeForce 940MX,Windows,2.2,10.699393467053342,0,256,0,0,1920,1080,141.21199808219862,Intel Core i7
Dell,Notebook,15.6,16,AMD Radeon R7 M445,Windows,2.3,10.731341589592168,1,0,1,0,1920,1080,141.21199808219862,Intel Core i7
Asus,Notebook,15.6,8,Nvidia GeForce 920MX ,Windows,2.0,10.620651995737777,0,256,0,0,1920,1080,141.21199808219862,Intel Core i5
Asus,Notebook,17.3,8,Nvidia GeForce GTX 950M,Windows,2.69,10.767905453702943,500,256,0,0,1920,1080,127.33567457123111,Intel Core i5
HP,Notebook,15.6,8,AMD FirePro W4190M ,Windows,1.9,11.121545493946522,1,0,0,0,1920,1080,141.21199808219862,Intel Core i7
Asus,Notebook,15.6,4,Intel HD Graphics 620,Windows,2.37,9.964497380151283,1,0,0,0,1366,768,100.45466986113651,Intel Core i3
HP,Notebook,15.6,4,AMD Radeon R2,Windows,2.1,9.77465368069266,500,0,0,0,1366,768,100.45466986113651,AMD Processor
Lenovo,Gaming,15.6,16,Nvidia GeForce GTX 1060,Windows,3.2,11.288114524334732,1,256,0,1,1920,1080,141.21199808219862,Intel Core i7
Dell,Notebook,14.0,8,Intel HD Graphics 620,Windows,1.6,10.73132994821639,0,256,0,0,1920,1080,157.3505121487356,Intel Core i5
Acer,2 in 1 Convertible,13.3,8,Intel HD Graphics 520,Windows,1.6,10.510802297245792,0,256,1,1,1920,1080,165.6321180513006,Intel Core i5
Dell,Notebook,15.6,16,AMD Radeon R7 M445,Others/No OS/Linux,2.36,10.776844060703754,0,256,0,0,1920,1080,141.21199808219862,Intel Core i7
Acer,Notebook,15.6,4,Intel HD Graphics 520,Others/No OS/Linux,2.1,9.941707765355826,1,0,0,0,1366,768,100.45466986113651,Intel Core i3
Asus,Notebook,15.6,4,AMD Radeon R5 M430,Windows,2.2,10.329931067029484,1,128,0,0,1920,1080,141.21199808219862,AMD Processor
Asus,Gaming,17.3,32,Nvidia GeForce GTX 1080,Windows,4.7,12.241725462844625,1,512,0,0,1920,1080,127.33567457123111,Intel Core i7
Acer,Gaming,15.6,8,Nvidia GeForce GTX 1050,Windows,2.5,10.716080385838357,0,256,0,1,1920,1080,141.21199808219862,Intel Core i5
Lenovo,Notebook,15.6,8,Intel HD Graphics 520,Windows,2.2,10.353987209883721,0,128,0,0,1366,768,100.45466986113651,Intel Core i3
Asus,Notebook,17.3,8,Nvidia GeForce 150MX,Windows,2.1,11.018720942220474,1,128,0,0,1920,1080,127.33567457123111,Intel Core i7
Asus,Notebook,17.3,8,Nvidia GeForce GTX 950M,Others/No OS/Linux,2.69,10.765658261746038,1,128,0,0,1920,1080,127.33567457123111,Intel Core i7
Dell,Gaming,15.6,8,Nvidia GeForce GTX 1050,Windows,2.56,10.754345923917311,0,256,0,0,1920,1080,141.21199808219862,Intel Core i5
Lenovo,2 in 1 Convertible,13.9,8,Intel HD Graphics 620,Windows,1.38,10.959350991490268,0,256,1,1,1920,1080,158.48253022174808,Intel Core i7
Dell,Notebook,15.6,8,AMD Radeon 530,Windows,2.2,10.868202667404223,2,128,0,0,1920,1080,141.21199808219862,Intel Core i7
HP,Notebook,15.6,8,Intel HD Graphics 620,Windows,2.04,10.301710499387234,1,0,1,0,1366,768,100.45466986113651,Intel Core i5
Asus,Gaming,17.3,16,Nvidia GeForce GTX 1080,Windows,3.6,11.981595204981144,0,256,0,0,1920,1080,127.33567457123111,Intel Core i7
HP,Notebook,13.3,4,Intel UHD Graphics 620,Windows,1.49,10.490273717104664,500,0,0,1,1920,1080,165.6321180513006,Intel Core i5
Apple,Ultrabook,13.3,8,Intel Iris Plus Graphics 650,macOS,1.37,11.596266113070396,0,512,0,1,2560,1600,226.98300468106115,Intel Core i5
Dell,2 in 1 Convertible,15.6,8,Intel UHD Graphics 620,Windows,2.08,10.683645110085203,1,0,1,1,1920,1080,141.21199808219862,Intel Core i7
Asus,Gaming,17.3,16,Nvidia GeForce GTX 980M,Windows,4.3,11.470547260182666,1,256,0,0,1920,1080,127.33567457123111,Intel Core i7
Asus,Notebook,15.6,4,AMD Radeon R5 M420,Windows,1.68,10.126163794678414,1,0,0,0,1366,768,100.45466986113651,AMD Processor
Lenovo,2 in 1 Convertible,13.9,8,Intel UHD Graphics 620,Windows,1.37,11.49796125761926,0,512,1,1,1920,1080,158.48253022174808,Intel Core i7
Acer,Notebook,17.3,4,Nvidia GeForce MX130,Windows,3.0,10.529494430257945,0,256,0,1,1920,1080,127.33567457123111,Intel Core i3
Dell,Ultrabook,13.3,8,Intel UHD Graphics 620,Windows,1.41,10.830969824842061,0,256,0,0,1920,1080,165.6321180513006,Intel Core i5
HP,Notebook,15.6,8,AMD Radeon R4 Graphics,Windows,1.91,10.075655737865565,0,128,0,0,1366,768,100.45466986113651,AMD Processor
HP,Notebook,17.3,16,Nvidia GeForce MX150,Windows,2.9,10.94064137183354,1,0,0,1,1920,1080,127.33567457123111,Intel Core i7
MSI,Gaming,17.3,16,Nvidia GeForce GTX 1070,Windows,4.14,11.799206957067087,1,512,0,0,1920,1080,127.33567457123111,Intel Core i7
Lenovo,2 in 1 Convertible,15.6,8,Nvidia GeForce GTX 1050M,Windows,2.0,11.413356147904066,0,512,1,1,1920,1080,141.21199808219862,Intel Core i7
Dell,Notebook,17.3,8,AMD Radeon 530,Windows,2.8,11.016097416448089,1,128,0,0,1920,1080,127.33567457123111,Intel Core i7
Lenovo,Notebook,15.6,4,Intel HD Graphics 520,Others/No OS/Linux,2.2,10.07138558866436,0,256,0,0,1920,1080,141.21199808219862,Intel Core i3
HP,Notebook,15.6,4,Intel HD Graphics 620,Windows,2.1,10.55758616512496,500,0,0,1,1920,1080,141.21199808219862,Intel Core i5
Dell,Notebook,15.6,4,Intel HD Graphics 620,Windows,2.18,10.463245044716745,1,0,0,0,1920,1080,141.21199808219862,Intel Core i5
Dell,Notebook,15.6,8,AMD Radeon R5 M430,Windows,2.24,10.312386757378574,1,0,0,0,1920,1080,141.21199808219862,Intel Core i5
Dell,2 in 1 Convertible,15.6,8,Intel UHD Graphics 620,Windows,2.67,10.658921971998408,0,256,1,0,1920,1080,141.21199808219862,Intel Core i5
Asus,2 in 1 Convertible,13.3,8,Intel UHD Graphics 620,Windows,1.1,11.288114524334732,0,1024,1,0,1920,1080,165.6321180513006,Intel Core i7
Lenovo,Notebook,15.6,4,Intel HD Graphics 620,Others/No OS/Linux,2.2,10.121890283901031,1,0,0,0,1920,1080,141.21199808219862,Intel Core i5
HP,Notebook,17.3,8,Nvidia GeForce 930MX ,Windows,2.5,10.901156223342602,1,0,0,0,1920,1080,127.33567457123111,Intel Core i7
Lenovo,Notebook,15.6,8,Intel UHD Graphics 620,Windows,2.05,10.755482933704386,0,256,0,0,1920,1080,141.21199808219862,Intel Core i7
Apple,Ultrabook,13.3,8,Intel Iris Graphics 550,macOS,1.37,11.555699396421488,0,512,0,1,2560,1600,226.98300468106115,Intel Core i5
Asus,Gaming,17.3,16,AMD Radeon RX 580,Windows,3.2,11.320925866649002,1,256,0,0,1920,1080,127.33567457123111,AMD Processor
Dell,Notebook,15.6,8,AMD Radeon 520,Others/No OS/Linux,2.14,10.57552675900535,0,256,0,0,1920,1080,141.21199808219862,Intel Core i7
Lenovo,2 in 1 Convertible,14.0,16,Intel HD Graphics 520,Windows,1.36,11.799206957067087,0,512,1,0,2560,1440,209.8006828649808,Intel Core i7
Toshiba,Notebook,15.6,8,Nvidia GeForce 930M,Windows,2.2,10.675061366393813,500,0,0,0,1366,768,100.45466986113651,Intel Core i7
Dell,Notebook,15.6,12,Intel HD Graphics 620,Windows,2.3,10.545140618545503,1,0,0,0,1366,768,100.45466986113651,Intel Core i7
Dell,Notebook,17.3,8,AMD Radeon 530,Others/No OS/Linux,2.8,10.977716980635755,1,128,0,0,1920,1080,127.33567457123111,Intel Core i7
Acer,Notebook,15.6,8,Nvidia GeForce MX130,Windows,2.2,10.588945244611693,1,0,0,1,1920,1080,141.21199808219862,Intel Core i7
Lenovo,Notebook,17.3,4,Intel HD Graphics 520,Windows,2.8,10.167923515707006,1,0,0,0,1600,900,106.11306214269258,Intel Core i3
Lenovo,Notebook,17.3,8,Nvidia GeForce MX150,Others/No OS/Linux,2.8,10.71962021254348,2,0,0,0,1920,1080,127.33567457123111,Intel Core i7
Lenovo,Notebook,17.3,6,Nvidia GeForce 940MX,Windows,2.8,10.73132994821639,1,128,0,0,1600,900,106.11306214269258,Intel Core i7
Dell,Notebook,15.6,4,AMD Radeon R5 M430,Others/No OS/Linux,2.25,10.034684221813931,1,0,0,0,1920,1080,141.21199808219862,Intel Core i3
Lenovo,Gaming,15.6,8,Nvidia GeForce GTX 1050,Windows,2.5,10.695781181367428,0,256,0,1,1920,1080,141.21199808219862,Intel Core i5
Lenovo,Notebook,15.6,6,Intel HD Graphics 620,Windows,2.2,10.336863503805128,0,256,0,0,1920,1080,141.21199808219862,Intel Core i5
Acer,Notebook,15.6,8,Nvidia GeForce MX150,Windows,3.0,10.833075088777523,0,256,0,1,1920,1080,141.21199808219862,Intel Core i7
Acer,Notebook,15.6,12,Intel HD Graphics 620,Windows,2.15,10.46628456073464,1,0,1,1,1920,1080,141.21199808219862,Intel Core i7
Lenovo,Notebook,15.6,8,Intel HD Graphics 630,Windows,1.95,10.975895486507364,0,256,0,1,1920,1080,141.21199808219862,Intel Core i7
Asus,Ultrabook,15.6,8,Nvidia GeForce 940MX,Windows,1.7,10.860047678274917,0,256,0,0,1920,1080,141.21199808219862,Intel Core i5
Lenovo,Gaming,15.6,16,Nvidia GeForce GTX 1050 Ti,Windows,2.5,11.047982926769505,1,256,0,1,1920,1080,141.21199808219862,Intel Core i7
Lenovo,Notebook,15.6,8,Nvidia GeForce 940MX,Others/No OS/Linux,2.2,10.466299735126338,1,0,0,0,1920,1080,141.21199808219862,Intel Core i7
Acer,Notebook,15.6,2,Intel HD Graphics,Others/No OS/Linux,2.19,9.268865850956626,0,16,0,0,1366,768,100.45466986113651,Other Intel Processor
Asus,Gaming,17.3,8,Nvidia GeForce GTX 1050,Windows,3.0,11.054745420841801,1,0,0,0,1920,1080,127.33567457123111,Intel Core i7
HP,Notebook,17.3,8,Intel HD Graphics 520,Windows,2.54,10.167923515707006,1,0,0,0,1600,900,106.11306214269258,Intel Core i3
Dell,Notebook,15.6,8,Nvidia GeForce GTX 1050,Windows,2.0,11.487085674623,0,256,0,0,1920,1080,141.21199808219862,Intel Core i7
Lenovo,Notebook,15.6,8,Intel UHD Graphics 620,Windows,2.05,10.580858947180335,0,256,0,0,1920,1080,141.21199808219862,Intel Core i5
Lenovo,Gaming,15.6,8,Nvidia GeForce GTX 1060,Windows,3.2,11.144911042902732,1,0,0,1,1920,1080,141.21199808219862,Intel Core i7
Acer,Notebook,15.6,8,Nvidia GeForce GTX 1050 Ti,Others/No OS/Linux,2.5,10.862092668762644,0,256,0,0,1920,1080,141.21199808219862,Intel Core i7
Dell,Workstation,17.3,16,Nvidia Quadro M1200,Windows,3.42,11.942792677133783,0,256,0,0,1920,1080,127.33567457123111,Intel Core i7
Lenovo,Notebook,15.6,6,AMD Radeon R5 430,Windows,2.4,10.188167121983652,1,0,0,0,1920,1080,141.21199808219862,AMD Processor
Asus,Ultrabook,15.6,16,Nvidia GeForce 940MX,Windows,1.63,11.267217235406594,0,512,0,0,1920,1080,141.21199808219862,Intel Core i7
Asus,Notebook,14.0,4,Intel HD Graphics 620,Windows,1.3,10.208009042782656,0,128,0,0,1366,768,111.93520355955211,Intel Core i3
Asus,Gaming,17.3,16,Nvidia GeForce GTX 1070,Windows,2.9,11.635675345406062,1,256,0,0,1920,1080,127.33567457123111,Intel Core i7
Lenovo,Notebook,17.3,6,Nvidia GeForce GTX 940M,Windows,2.8,10.450993742936223,1,0,0,0,1600,900,106.11306214269258,Intel Core i5
Lenovo,Notebook,15.6,8,Nvidia GeForce 940MX,Others/No OS/Linux,2.2,10.283659467741664,2,0,0,0,1366,768,100.45466986113651,Intel Core i5
Asus,Gaming,15.6,8,Nvidia GeForce GTX 1050 Ti,Windows,2.5,11.118388427393754,1,128,0,0,1920,1080,141.21199808219862,Intel Core i7
Lenovo,Notebook,15.6,4,Intel HD Graphics 505,Others/No OS/Linux,2.2,9.861637279518702,1,0,0,0,1366,768,100.45466986113651,Other Intel Processor
HP,2 in 1 Convertible,13.3,16,Intel HD Graphics 620,Windows,1.28,11.563884703567355,0,256,1,0,1920,1080,165.6321180513006,Intel Core i7
Toshiba,Notebook,15.6,8,Nvidia GeForce 930M,Windows,2.2,10.925417481232905,0,256,0,1,1920,1080,141.21199808219862,Intel Core i7
Lenovo,Notebook,15.6,8,Nvidia GeForce 940MX,Windows,2.3,10.683645110085203,1,128,0,0,1920,1080,141.21199808219862,Intel Core i5
HP,Notebook,15.6,4,Intel HD Graphics 520,Windows,1.86,10.126163794678414,1,0,0,0,1920,1080,141.21199808219862,Intel Core i3
Lenovo,Notebook,13.3,8,Intel HD Graphics 620,Windows,1.1,10.882315804880687,0,256,0,1,1920,1080,165.6321180513006,Intel Core i5
Dell,Ultrabook,13.3,16,Intel UHD Graphics 620,Windows,1.21,11.799206957067087,0,1,1,1,3840,2160,331.2642361026012,Intel Core i7
MSI,Gaming,15.6,16,Nvidia GeForce GTX 1070,Windows,2.8,11.624777346052767,1,256,0,1,1920,1080,141.21199808219862,Intel Core i7
Acer,Notebook,15.6,8,AMD Radeon R5,Windows,2.23,10.126163794678414,0,256,0,0,1920,1080,141.21199808219862,AMD Processor
Asus,2 in 1 Convertible,11.6,2,Intel HD Graphics 500,Windows,1.1,9.592332123898705,0,32,1,0,1366,768,135.0942111925629,Other Intel Processor
Dell,Notebook,15.6,8,AMD Radeon 530,Windows,2.33,10.71371352082809,1,128,0,0,1920,1080,141.21199808219862,Intel Core i5
HP,2 in 1 Convertible,13.3,16,Intel UHD Graphics 620,Windows,1.29,11.778996083184301,0,1,1,1,3840,2160,331.2642361026012,Intel Core i7
Lenovo,Notebook,13.3,4,Intel HD Graphics 510,Others/No OS/Linux,1.45,10.106570100778011,0,16,0,0,1366,768,117.82653006268643,Other Intel Processor
HP,Notebook,14.0,8,Intel HD Graphics 620,Windows,1.95,10.863113597896751,0,256,0,0,1920,1080,157.3505121487356,Intel Core i5
Acer,Notebook,11.6,4,Intel HD Graphics 405,Windows,1.4,10.159709917169616,0,128,0,0,1366,768,135.0942111925629,Other Intel Processor
HP,Notebook,14.0,8,Intel HD Graphics 620,Windows,1.48,11.13950771057468,0,256,0,0,1920,1080,157.3505121487356,Intel Core i7
Lenovo,Notebook,17.3,4,Nvidia GeForce 920MX,Windows,2.79,10.353987209883721,1,0,0,0,1600,900,106.11306214269258,Intel Core i5
Asus,Notebook,14.0,8,Intel HD Graphics 620,Windows,2.0,10.97315700921406,0,256,0,0,1920,1080,157.3505121487356,Intel Core i7
HP,Notebook,15.6,8,Intel UHD Graphics 620,Windows,2.1,10.780175546294757,1,0,0,1,1366,768,100.45466986113651,Intel Core i7
Acer,Notebook,15.6,8,AMD Radeon RX 540,Windows,2.2,10.46628456073464,0,256,0,0,1366,768,100.45466986113651,AMD Processor
Lenovo,Notebook,14.0,4,Intel HD Graphics 500,Windows,1.44,9.652314828500415,0,32,0,0,1366,768,111.93520355955211,Other Intel Processor
Acer,Notebook,15.6,6,Intel HD Graphics 620,Windows,2.23,10.283659467741664,1,0,0,0,1366,768,100.45466986113651,Intel Core i5
Asus,Ultrabook,15.6,8,Nvidia GeForce 940MX,Windows,1.7,10.93201122675303,0,256,0,0,1920,1080,141.21199808219862,Intel Core i7
HP,Ultrabook,12.5,8,Intel HD Graphics 620,Windows,1.26,11.172247597066484,0,256,0,0,1920,1080,176.23257360658386,Intel Core i7
Dell,Notebook,15.6,32,Nvidia GeForce GTX 1050,Windows,2.06,11.853716362735458,0,1,1,0,3840,2160,282.42399616439724,Intel Core i7
MSI,Gaming,17.3,8,Nvidia GeForce GTX 1050 Ti,Windows,2.7,11.064804181259648,1,256,0,0,1920,1080,127.33567457123111,Intel Core i7
Toshiba,Notebook,15.6,8,Intel HD Graphics 620,Windows,2.0,10.82462730886559,0,256,0,1,1920,1080,141.21199808219862,Intel Core i5
Asus,Notebook,14.0,8,Intel HD Graphics 620,Windows,2.0,11.171498252707703,1,256,0,0,1920,1080,157.3505121487356,Intel Core i7
Lenovo,Notebook,15.6,4,Intel HD Graphics 520,Windows,1.85,10.082583913974387,1,0,0,0,1920,1080,141.21199808219862,Intel Core i3
Asus,Gaming,15.6,8,Nvidia GeForce GTX 1050,Windows,2.5,10.882315804880687,0,256,0,0,1920,1080,141.21199808219862,Intel Core i7
HP,Notebook,14.0,8,Intel HD Graphics 620,Windows,1.48,11.120757161229305,0,256,0,0,1920,1080,157.3505121487356,Intel Core i5
Dell,Ultrabook,15.6,8,Nvidia GeForce 940MX,Windows,1.9,10.931153634628432,1,128,0,1,1920,1080,141.21199808219862,Intel Core i5
HP,Notebook,15.6,8,Intel HD Graphics 620,Windows,1.84,11.017847198171877,0,256,0,0,1920,1080,141.21199808219862,Intel Core i5
Asus,Notebook,15.6,4,Intel HD Graphics 500,Others/No OS/Linux,2.0,9.592295759601168,1,0,0,0,1366,768,100.45466986113651,Other Intel Processor
Dell,Notebook,15.6,8,Nvidia GeForce 940MX,Windows,2.0,11.016753943443987,0,256,0,0,1920,1080,141.21199808219862,Intel Core i5
Dell,Notebook,15.6,4,Intel HD Graphics,Others/No OS/Linux,2.2,9.591968421403333,500,0,0,0,1366,768,100.45466986113651,Other Intel Processor
Lenovo,Notebook,15.6,12,AMD Radeon 530,Windows,2.2,10.776844060703754,2,0,0,0,1920,1080,141.21199808219862,AMD Processor
HP,Notebook,15.6,8,Nvidia GeForce 930MX ,Windows,2.1,10.54924119319278,1,0,0,1,1920,1080,141.21199808219862,Intel Core i3
Lenovo,2 in 1 Convertible,13.9,16,Intel UHD Graphics 620,Windows,1.4,11.624777346052767,0,512,1,1,3840,2160,316.96506044349616,Intel Core i7
Dell,Ultrabook,13.3,8,Intel UHD Graphics 620,Windows,1.2,11.340108040487776,0,256,0,0,1920,1080,165.6321180513006,Intel Core i7
Lenovo,Gaming,15.6,16,Nvidia GeForce GTX 1050 Ti,Windows,2.4,11.004648590381796,2,256,0,1,1920,1080,141.21199808219862,Intel Core i7
HP,Notebook,14.0,2,Intel HD Graphics 400,Windows,1.44,9.606772808053499,0,32,0,0,1366,768,111.93520355955211,Other Intel Processor
Dell,Ultrabook,15.6,16,Intel UHD Graphics 620,Windows,1.88,11.358282600039752,0,768,0,0,1920,1080,141.21199808219862,Intel Core i7
Asus,2 in 1 Convertible,11.6,4,Intel HD Graphics 500,Windows,1.5,9.902487052202545,0,32,1,0,1366,768,135.0942111925629,Other Intel Processor
Dell,Ultrabook,15.6,8,AMD Radeon 530,Windows,1.9,10.472336016417996,1,0,0,0,1920,1080,141.21199808219862,Intel Core i5
Dell,Notebook,15.6,16,Nvidia GeForce GTX 1050,Windows,2.06,11.590080353983309,0,512,1,0,3840,2160,282.42399616439724,Intel Core i7
HP,Notebook,15.6,8,Intel HD Graphics 620,Windows,1.84,11.148752768718731,0,256,0,0,1920,1080,141.21199808219862,Intel Core i7
MSI,Gaming,17.3,8,Nvidia GeForce GTX 1060,Windows,2.7,11.226196538130814,1,128,0,0,1920,1080,127.33567457123111,Intel Core i7
HP,Workstation,15.6,8,Nvidia Quadro M1200,Windows,2.6,11.436206670969893,0,256,0,0,1920,1080,141.21199808219862,Intel Core i7
Toshiba,Notebook,15.6,16,Nvidia GeForce 930M,Windows,2.4,11.221929106334594,0,512,0,1,1920,1080,141.21199808219862,Intel Core i7
Dell,Notebook,15.6,8,AMD Radeon 530,Windows,2.02,10.853784502608233,2,128,0,0,1920,1080,141.21199808219862,Intel Core i7
Lenovo,Notebook,15.6,4,Intel HD Graphics 500,Others/No OS/Linux,2.2,9.750081515393676,1,0,0,0,1366,768,100.45466986113651,Other Intel Processor
Dell,Gaming,15.6,8,Nvidia GeForce GTX 1050,Windows,2.65,10.882315804880687,1,0,0,0,1920,1080,141.21199808219862,Intel Core i5
Dell,Notebook,15.6,8,Intel HD Graphics 620,Windows,2.36,10.298790318518323,2,0,1,0,1366,768,100.45466986113651,Intel Core i5
Dell,Notebook,14.0,8,Intel HD Graphics 620,Windows,1.36,11.23889064370897,0,256,0,0,1920,1080,157.3505121487356,Intel Core i5
HP,Notebook,15.6,4,Intel HD Graphics 520,Windows,1.86,10.060060439307305,500,0,0,0,1366,768,100.45466986113651,Intel Core i3
Asus,Notebook,14.0,8,Intel HD Graphics 620,Windows,2.0,10.826745953725876,0,256,0,0,1920,1080,157.3505121487356,Intel Core i5
Lenovo,Notebook,17.3,6,Nvidia GeForce GTX 940MX,Windows,2.8,10.55342238395318,1,128,0,0,1600,900,106.11306214269258,Intel Core i5
HP,Notebook,15.6,8,Intel HD Graphics 620,Windows,1.86,10.435465480609668,1,0,0,0,1920,1080,141.21199808219862,Intel Core i5
Lenovo,Notebook,15.6,8,Nvidia GeForce 920MX ,Others/No OS/Linux,2.2,10.188167121983652,0,256,0,0,1366,768,100.45466986113651,Intel Core i3
HP,Notebook,15.6,8,Intel HD Graphics 405,Windows,2.04,9.93914036985058,2,0,0,0,1366,768,100.45466986113651,Other Intel Processor
Dell,Notebook,17.3,8,AMD Radeon 530,Windows,2.8,10.964896292206694,1,128,0,0,1920,1080,127.33567457123111,Intel Core i5
Lenovo,Gaming,15.6,8,Nvidia GeForce GTX 1050,Others/No OS/Linux,2.4,10.671359943290625,1,128,0,1,1920,1080,141.21199808219862,Intel Core i5
Dell,Notebook,15.6,8,AMD Radeon R7 M445,Windows,2.33,10.776844060703754,0,256,0,0,1920,1080,141.21199808219862,Intel Core i7
HP,Ultrabook,14.0,8,Intel HD Graphics 620,Windows,1.36,11.442932093149693,0,256,0,1,1920,1080,157.3505121487356,Intel Core i7
Asus,2 in 1 Convertible,15.6,12,Nvidia GeForce GT 940MX,Windows,2.26,10.977716980635755,2,512,1,0,1920,1080,141.21199808219862,Intel Core i7
Acer,Notebook,15.6,4,AMD Radeon R5,Windows,2.1,10.030000372501505,0,128,0,0,1366,768,100.45466986113651,AMD Processor
Asus,Gaming,17.3,16,AMD Radeon RX 580,Windows,3.25,11.671319016786894,1,256,0,1,1920,1080,127.33567457123111,AMD Processor
Lenovo,Notebook,17.3,4,AMD Radeon R5,Windows,2.6,10.167923515707006,0,128,0,0,1600,900,106.11306214269258,AMD Processor
Dell,2 in 1 Convertible,13.3,8,Intel UHD Graphics 620,Windows,1.62,10.742915658911176,0,256,1,0,1920,1080,165.6321180513006,Intel Core i7
HP,Notebook,15.6,4,AMD Radeon R5,Windows,1.91,10.167903065600154,0,256,0,0,1920,1080,141.21199808219862,AMD Processor
Lenovo,Netbook,11.6,4,Intel HD Graphics 500,Windows,1.59,10.290919027754468,0,128,0,1,1366,768,135.0942111925629,Other Intel Processor
Dell,Notebook,15.6,4,Intel HD Graphics 400,Windows,1.8,9.708902303129879,500,0,0,0,1366,768,100.45466986113651,Other Intel Processor
Asus,Notebook,14.0,4,Intel HD Graphics 500,Windows,1.5,9.631552837051986,0,32,0,0,1366,768,111.93520355955211,Other Intel Processor
Acer,Notebook,15.6,8,Nvidia GeForce GTX 1050,Others/No OS/Linux,2.4,10.716080385838357,1,0,0,0,1920,1080,141.21199808219862,Intel Core i7
HP,Gaming,17.3,8,Nvidia GeForce GTX 1050,Windows,3.35,11.058109595587434,1,128,0,1,1920,1080,127.33567457123111,Intel Core i7
Lenovo,Notebook,15.6,4,Intel HD Graphics 520,Others/No OS/Linux,1.85,9.975737513942137,0,128,0,0,1920,1080,141.21199808219862,Intel Core i3
Asus,Gaming,15.6,8,Nvidia GeForce GTX 1060,Windows,2.3,11.387117314043296,1,128,0,1,1920,1080,141.21199808219862,Intel Core i7
Lenovo,Notebook,14.0,8,Nvidia GeForce 940MX,Windows,1.5,10.977716980635755,0,256,0,1,1920,1080,157.3505121487356,Intel Core i5
Asus,Ultrabook,13.3,16,Intel HD Graphics 620,Windows,1.1,11.442303324087279,0,512,1,0,1920,1080,165.6321180513006,Intel Core i7
Lenovo,Ultrabook,14.0,8,Intel HD Graphics 620,Windows,1.13,11.708368556654154,0,512,0,1,2560,1440,209.8006828649808,Intel Core i7
Lenovo,Notebook,13.3,4,Intel HD Graphics 620,Windows,1.5,10.283659467741664,0,128,0,1,1920,1080,165.6321180513006,Intel Core i3
Dell,Workstation,15.6,8,AMD FirePro W5130M,Windows,2.23,11.197396851520583,500,0,0,0,1920,1080,141.21199808219862,Intel Core i5
Dell,Workstation,15.6,8,Nvidia Quadro M1200,Windows,2.0,11.641782951894859,0,256,0,1,1920,1080,141.21199808219862,Intel Core i7
Lenovo,2 in 1 Convertible,14.0,16,Intel HD Graphics 620,Windows,1.42,11.803200572598556,0,512,1,0,2560,1440,209.8006828649808,Intel Core i7
Asus,Gaming,17.3,8,Nvidia GeForce GTX 1050,Windows,3.0,10.921575017331362,1,0,0,0,1920,1080,127.33567457123111,Intel Core i7
Asus,Gaming,17.3,16,Nvidia GeForce GTX 1050 Ti,Windows,3.0,11.347679054569921,1,256,0,0,1920,1080,127.33567457123111,Intel Core i7
Acer,Notebook,15.6,12,Nvidia GeForce MX130,Windows,2.2,10.518018577413223,1,0,0,1,1366,768,100.45466986113651,Intel Core i5
MSI,Gaming,17.3,8,Nvidia GeForce GTX 1050 Ti,Windows,2.7,11.18267988243989,0,256,0,0,1920,1080,127.33567457123111,Intel Core i7
Dell,Notebook,15.6,8,AMD Radeon R7 M445,Others/No OS/Linux,2.33,10.633405177560588,0,256,0,0,1920,1080,141.21199808219862,Intel Core i7
HP,Ultrabook,15.6,4,AMD Radeon 520,Windows,1.91,10.188167121983652,0,256,0,0,1920,1080,141.21199808219862,AMD Processor
Lenovo,Notebook,15.6,8,AMD Radeon RX 550,Windows,2.1,11.08997268702302,0,256,0,1,1920,1080,141.21199808219862,Intel Core i7
Lenovo,Notebook,14.0,8,Intel HD Graphics 620,Windows,1.9,10.81931097523836,0,256,0,1,1920,1080,157.3505121487356,Intel Core i5
Dell,Workstation,15.6,8,Nvidia Quadro M1200,Windows,1.78,11.88100267529242,0,256,1,0,3840,2160,282.42399616439724,Intel Core i7
Lenovo,Ultrabook,14.0,16,Intel HD Graphics 620,Windows,1.13,11.848397201257859,0,1,0,1,2560,1440,209.8006828649808,Intel Core i7
Lenovo,Notebook,15.6,4,Intel HD Graphics 500,Windows,2.2,9.699146128184514,1,0,0,0,1366,768,100.45466986113651,Other Intel Processor
Asus,Gaming,17.3,16,Nvidia GeForce GTX 1050,Windows,2.9,11.307930232161196,1,256,0,0,1920,1080,127.33567457123111,Intel Core i7
Lenovo,Notebook,15.6,8,AMD Radeon RX 550,Windows,2.1,11.018284165624754,1,256,0,1,1920,1080,141.21199808219862,Intel Core i5
Acer,Notebook,15.6,8,Nvidia GeForce GTX 1050,Others/No OS/Linux,2.5,10.754345923917311,0,256,0,0,1920,1080,141.21199808219862,Intel Core i7
MSI,Gaming,17.3,16,Nvidia GeForce GTX 1070,Windows,2.8,11.69380197819145,1,256,0,0,1920,1080,127.33567457123111,Intel Core i7
Asus,Ultrabook,14.0,8,Intel HD Graphics 620,Windows,1.1,11.510857728676223,0,512,0,0,1920,1080,157.3505121487356,Intel Core i7
Toshiba,Ultrabook,13.3,16,Intel HD Graphics 520,Windows,1.2,11.44121633636619,0,512,0,0,1920,1080,165.6321180513006,Intel Core i7
Dell,Ultrabook,14.0,8,Intel HD Graphics,Windows,1.36,11.402110098629437,0,512,0,0,1920,1080,157.3505121487356,Intel Core i7
Lenovo,Notebook,15.6,4,Intel HD Graphics 520,Windows,2.2,9.989276182274935,500,0,0,0,1920,1080,141.21199808219862,Intel Core i3
Lenovo,Notebook,11.6,2,Intel HD Graphics 500,Windows,1.15,9.694067896286716,0,32,0,0,1366,768,135.0942111925629,Other Intel Processor
Lenovo,Workstation,15.6,8,Nvidia Quadro M1200,Windows,2.67,11.538242272954019,0,512,0,0,1920,1080,141.21199808219862,Intel Core i7
Lenovo,Ultrabook,14.0,8,Nvidia GeForce GT 940MX,Windows,1.7,11.547549475609573,0,512,0,1,2560,1440,209.8006828649808,Intel Core i7
HP,Notebook,15.6,4,AMD Radeon 520,Windows,2.1,10.126163794678414,1,0,0,0,1920,1080,141.21199808219862,Intel Core i3
Acer,2 in 1 Convertible,13.3,8,Intel HD Graphics 520,Windows,1.6,10.64634002126892,0,256,1,1,1920,1080,165.6321180513006,Intel Core i7
Asus,2 in 1 Convertible,13.3,8,Intel HD Graphics 620,Windows,1.27,10.808592759018333,0,256,1,1,1920,1080,165.6321180513006,Intel Core i5
Dell,Notebook,15.6,4,AMD Radeon R5 M430,Others/No OS/Linux,2.3,10.37065566550255,0,256,0,0,1920,1080,141.21199808219862,Intel Core i5
Dell,Notebook,13.3,4,Intel HD Graphics 520,Windows,1.65,10.510802297245792,0,128,0,0,1366,768,117.82653006268643,Intel Core i3
HP,Ultrabook,14.0,8,Intel HD Graphics 520,Windows,1.43,11.288781413322436,0,256,0,0,1920,1080,157.3505121487356,Intel Core i7
Dell,Notebook,15.6,8,Intel HD Graphics 620,Windows,2.14,10.267037568910903,1,0,0,0,1366,768,100.45466986113651,Intel Core i5
Lenovo,Ultrabook,14.0,8,AMD Radeon RX 550,Windows,1.75,11.078373090310091,0,256,0,1,1920,1080,157.3505121487356,Intel Core i7
Lenovo,2 in 1 Convertible,15.6,16,Nvidia GeForce GTX 1050,Windows,2.0,11.52464373704442,0,512,1,1,3840,2160,282.42399616439724,Intel Core i7
Chuwi,Notebook,12.3,6,Intel HD Graphics 500,Windows,1.4,10.082583913974387,0,64,0,1,2736,1824,267.3384360344031,Other Intel Processor
HP,Notebook,15.6,8,Intel HD Graphics 630,Windows,2.31,11.23889064370897,0,256,0,0,1920,1080,141.21199808219862,Intel Core i7
Asus,Notebook,15.6,8,Nvidia GeForce 940MX,Others/No OS/Linux,2.3,10.367478139624735,1,0,0,0,1920,1080,141.21199808219862,Intel Core i3
Dell,Gaming,17.3,16,Nvidia GeForce GTX 1070,Windows,4.42,11.912578515747587,1,256,0,1,2560,1440,169.78089942830815,Intel Core i7
Dell,Gaming,15.6,8,Nvidia GeForce GTX 1050 Ti,Windows,2.62,11.030873869571886,1,128,0,1,1920,1080,141.21199808219862,Intel Core i7
Dell,Notebook,15.6,8,AMD Radeon 530,Windows,2.02,11.016447617817454,2,256,0,0,1920,1080,141.21199808219862,Intel Core i7
Dell,Ultrabook,14.0,8,Intel HD Graphics 620,Others/No OS/Linux,1.6,10.977716980635755,0,256,0,0,1920,1080,157.3505121487356,Intel Core i7
HP,Gaming,17.3,12,Nvidia GeForce GTX 1070,Windows,3.35,11.575963360732533,1,256,0,0,1920,1080,127.33567457123111,Intel Core i7
Mediacom,2 in 1 Convertible,11.6,4,Intel HD Graphics 500,Windows,1.16,9.67600459962282,0,32,1,1,1920,1080,189.90579052433606,Other Intel Processor
Samsung,Netbook,11.6,4,Intel HD Graphics 400,Others/No OS/Linux,1.15,9.570272405833974,0,16,0,0,1366,768,135.0942111925629,Other Intel Processor
Lenovo,Notebook,13.3,8,Intel HD Graphics 620,Windows,1.4,10.89326663606744,0,256,0,1,1920,1080,165.6321180513006,Intel Core i7
Lenovo,Notebook,14.0,4,Intel HD Graphics 620,Windows,1.7,10.370822624347584,0,128,0,1,1920,1080,157.3505121487356,Intel Core i3
Lenovo,Workstation,15.6,16,Nvidia GeForce 940MX,Windows,2.3,11.777361428141106,0,512,0,1,3840,2160,282.42399616439724,Intel Core i7
Lenovo,Notebook,15.6,16,Nvidia Quadro M2200M,Windows,2.5,11.778996083184301,0,512,0,0,1920,1080,141.21199808219862,Intel Core i7
Asus,Gaming,17.3,8,AMD Radeon RX 580,Windows,3.2,11.410999046046685,1,256,0,0,1920,1080,127.33567457123111,AMD Processor
HP,Notebook,15.6,4,Intel HD Graphics 400,Windows,2.1,9.824885806178992,500,0,0,0,1366,768,100.45466986113651,Other Intel Processor
Google,Ultrabook,12.3,16,Intel HD Graphics 615,Others/No OS/Linux,1.1,11.671319016786894,0,512,1,0,2400,1600,234.50740003017813,Intel Core i7
Lenovo,Ultrabook,14.0,24,Intel HD Graphics 620,Windows,1.32,11.751256776147379,0,512,0,0,2560,1440,209.8006828649808,Intel Core i7
Asus,Notebook,15.6,4,Intel HD Graphics 620,Others/No OS/Linux,2.0,10.301710499387234,0,256,0,0,1920,1080,141.21199808219862,Intel Core i5
Lenovo,Notebook,17.3,8,AMD Radeon R4,Windows,2.8,10.227464909398023,1,0,0,0,1600,900,106.11306214269258,AMD Processor
Dell,Notebook,15.6,4,AMD Radeon 530,Windows,2.2,10.594300009749354,0,256,0,0,1920,1080,141.21199808219862,Intel Core i5
Lenovo,Ultrabook,12.5,8,Intel HD Graphics 620,Windows,1.36,11.240291204162,0,256,0,1,1920,1080,176.23257360658386,Intel Core i5
Lenovo,Notebook,15.6,4,Intel HD Graphics 505,Windows,2.2,9.83063294843456,0,128,0,0,1920,1080,141.21199808219862,Other Intel Processor
HP,Gaming,15.6,8,Nvidia GeForce GTX 1050,Windows,2.2,10.977716980635755,1,128,0,1,1920,1080,141.21199808219862,Intel Core i7
Dell,Notebook,14.0,8,Nvidia GeForce 930MX,Windows,1.64,11.047982926769505,0,256,0,0,1920,1080,157.3505121487356,Intel Core i5
Acer,Notebook,15.6,4,Intel HD Graphics 620,Others/No OS/Linux,2.4,10.066418317218151,500,0,0,0,1366,768,100.45466986113651,Intel Core i5
Dell,Workstation,15.6,8,Nvidia Quadro M620,Windows,2.23,11.572957346444928,1,64,0,0,1920,1080,141.21199808219862,Other Intel Processor
MSI,Gaming,15.6,8,Nvidia GeForce GTX 1050,Windows,2.2,10.910678521970082,0,256,0,0,1920,1080,141.21199808219862,Intel Core i5
Microsoft,Ultrabook,13.5,16,Intel Iris Plus Graphics 640,Windows,1.25,11.83458800598367,0,512,1,0,2256,1504,200.84255993695703,Intel Core i7
HP,Notebook,15.6,8,Intel HD Graphics 620,Windows,1.91,10.353987209883721,0,128,0,0,1366,768,100.45466986113651,Intel Core i5
Dell,Workstation,15.6,16,Nvidia Quadro M620,Windows,2.17,11.563884703567355,0,256,0,1,1920,1080,141.21199808219862,Intel Core i7
HP,Workstation,15.6,8,Intel HD Graphics 620,Windows,2.31,11.311195008159336,0,512,0,1,1920,1080,141.21199808219862,Intel Core i7
Lenovo,Notebook,14.0,8,Intel HD Graphics 620,Windows,1.65,11.179710318268073,0,256,0,0,1920,1080,157.3505121487356,Intel Core i5
Dell,Notebook,15.6,8,AMD Radeon 530,Windows,2.36,10.862092668762644,1,128,0,0,1920,1080,141.21199808219862,Intel Core i7
Dell,2 in 1 Convertible,11.6,4,Intel HD Graphics 405,Windows,1.47,10.147261623643049,500,0,1,0,1366,768,135.0942111925629,Other Intel Processor
Dell,Notebook,17.3,8,Nvidia GeForce GTX 1060,Windows,4.42,11.599202972743706,1,0,0,1,1920,1080,127.33567457123111,Intel Core i7
Microsoft,Ultrabook,13.5,4,Intel HD Graphics 615,Windows,1.252,10.872255357854845,0,128,1,0,2256,1504,200.84255993695703,Other Intel Processor
Microsoft,Ultrabook,13.5,8,Intel Iris Plus Graphics 640,Windows,1.25,11.470547260182666,0,256,1,0,2256,1504,200.84255993695703,Intel Core i7
HP,Notebook,17.3,8,Intel HD Graphics 520,Windows,2.5,10.436872940377548,0,256,0,0,1600,900,106.11306214269258,Intel Core i3
Acer,Notebook,15.6,4,Nvidia GeForce 940MX,Windows,2.23,10.274510273088076,1,0,0,0,1920,1080,141.21199808219862,Intel Core i3
Acer,Netbook,11.6,4,Intel HD Graphics 400,Windows,1.4,10.050907057320817,0,128,0,0,1366,768,135.0942111925629,Other Intel Processor
Asus,Notebook,15.6,8,Intel HD Graphics 620,Windows,2.37,10.594300009749354,1,0,0,0,1920,1080,141.21199808219862,Intel Core i5
Lenovo,Notebook,14.0,8,AMD Radeon R7 M460,Others/No OS/Linux,1.5,10.658921971998408,0,512,0,1,1920,1080,157.3505121487356,Intel Core i7
Lenovo,Notebook,15.6,8,Nvidia Quadro M2200M,Windows,2.67,11.62048037119099,0,256,0,0,1920,1080,141.21199808219862,Intel Core i7
Asus,Notebook,15.6,4,Intel HD Graphics 500,Windows,2.0,9.692588727638356,500,0,0,0,1366,768,100.45466986113651,Other Intel Processor
Acer,Notebook,15.6,4,Nvidia GeForce GTX 940MX,Windows,2.2,10.126163794678414,500,0,0,0,1366,768,100.45466986113651,Intel Core i3
Dell,Notebook,15.6,8,AMD Radeon 530,Windows,2.02,10.607562803627763,2,0,0,0,1920,1080,141.21199808219862,Intel Core i5
HP,Gaming,17.3,12,Nvidia GeForce GTX 1060,Windows,3.78,11.413356147904066,1,0,0,1,1920,1080,127.33567457123111,Intel Core i7
Lenovo,Ultrabook,14.0,12,Intel HD Graphics 520,Windows,1.4,11.502816945605918,0,256,0,1,2560,1440,209.8006828649808,Intel Core i7
HP,2 in 1 Convertible,13.3,8,Intel UHD Graphics 620,Windows,1.29,11.575963360732533,0,512,1,1,3840,2160,331.2642361026012,Intel Core i7
HP,Notebook,15.6,8,AMD FirePro W4190M ,Windows,1.9,11.026550473300178,500,0,0,0,1920,1080,141.21199808219862,Intel Core i5
Google,Ultrabook,12.3,8,Intel HD Graphics 615,Others/No OS/Linux,1.1,11.12626248382466,0,128,1,0,2400,1600,234.50740003017813,Intel Core i5
Dell,Ultrabook,13.3,8,Intel UHD Graphics 620,Windows,1.42,11.494086806506765,0,256,1,0,1920,1080,165.6321180513006,Intel Core i5
Asus,Notebook,15.6,12,Intel HD Graphics 530,Windows,2.06,11.144911042902732,1,128,0,1,3840,2160,282.42399616439724,Intel Core i7
Dell,Notebook,14.0,8,Intel HD Graphics 520,Windows,1.79,10.58221121243035,0,128,0,0,1366,768,111.93520355955211,Intel Core i3
Dell,Workstation,15.6,8,Nvidia Quadro M1200,Windows,1.78,11.762112832660845,0,256,0,0,1920,1080,141.21199808219862,Intel Core i7
Lenovo,Notebook,14.0,8,Intel HD Graphics 620,Windows,1.7,11.19373786463554,0,180,0,0,1920,1080,157.3505121487356,Intel Core i5
Dell,Notebook,15.6,8,AMD Radeon 520,Windows,2.2,10.490273717104664,1,0,0,0,1920,1080,141.21199808219862,Intel Core i5
Toshiba,Notebook,13.3,8,Intel HD Graphics 620,Windows,1.05,11.39733681987678,0,256,0,1,1920,1080,165.6321180513006,Intel Core i5
Dell,Notebook,15.6,8,Nvidia GeForce 940MX,Windows,2.16,11.116014069333293,0,512,0,1,1920,1080,141.21199808219862,Intel Core i7
Dell,Notebook,15.6,4,Intel HD Graphics 620,Windows,2.18,10.349904182775484,1,0,0,0,1366,768,100.45466986113651,Intel Core i3
HP,Notebook,13.3,4,Intel UHD Graphics 620,Windows,1.49,10.56311104105693,0,128,0,1,1920,1080,165.6321180513006,Intel Core i5
Chuwi,Notebook,15.6,4,Intel HD Graphics,Windows,1.89,9.49261223560568,0,64,0,0,1920,1080,141.21199808219862,Other Intel Processor
Lenovo,Notebook,15.6,4,Intel HD Graphics 520,Windows,2.3,10.312386757378574,0,128,0,0,1366,768,100.45466986113651,Intel Core i3
Lenovo,Notebook,14.0,8,Intel UHD Graphics 620,Windows,1.75,10.931153634628432,0,256,0,1,1920,1080,157.3505121487356,Intel Core i5
Dell,Workstation,15.6,16,Nvidia Quadro M620,Windows,2.17,11.732612168264147,0,512,0,1,1920,1080,141.21199808219862,Intel Core i7
Dell,Notebook,15.6,16,Nvidia GeForce GTX 1050,Windows,2.06,11.52464373704442,0,512,0,0,1920,1080,141.21199808219862,Intel Core i7
Lenovo,Ultrabook,12.5,16,Intel HD Graphics 620,Windows,1.36,11.469991241263699,0,512,0,1,1920,1080,176.23257360658386,Intel Core i7
Asus,Ultrabook,12.5,16,Intel HD Graphics 620,Windows,0.91,11.551145677789926,0,512,0,0,1920,1080,176.23257360658386,Intel Core i7
Lenovo,Notebook,15.6,8,Nvidia GeForce 940MX,Windows,2.3,10.895234994607797,0,256,0,1,1920,1080,141.21199808219862,Intel Core i5
Toshiba,Ultrabook,13.3,32,Intel HD Graphics 620,Windows,1.05,11.912578515747587,0,512,1,0,1920,1080,165.6321180513006,Intel Core i7
Asus,Gaming,15.6,8,Nvidia GeForce GTX 1050,Windows,1.99,11.18342089766461,1,128,0,0,1920,1080,141.21199808219862,Intel Core i7
Acer,Notebook,15.6,8,AMD Radeon RX 540,Windows,2.2,10.336863503805128,1,0,0,0,1366,768,100.45466986113651,AMD Processor
Asus,Gaming,17.3,24,Nvidia GeForce GTX 965M,Windows,4.33,11.121545493946522,1,256,1,1,1920,1080,127.33567457123111,Intel Core i7
Lenovo,Ultrabook,12.5,8,Intel HD Graphics 520,Windows,1.3,10.977716980635755,0,180,0,1,1366,768,125.36742798669837,Intel Core i5
Lenovo,Notebook,15.6,8,Intel UHD Graphics 620,Windows,2.17,10.776732819811487,0,256,0,0,1920,1080,141.21199808219862,Intel Core i7
HP,Notebook,14.0,8,Intel HD Graphics 620,Windows,1.48,11.442360501250736,0,1,0,0,1920,1080,157.3505121487356,Intel Core i7
Lenovo,Notebook,13.3,8,Intel HD Graphics 620,Windows,1.4,10.830969824842061,0,256,0,1,1920,1080,165.6321180513006,Intel Core i3
Lenovo,Notebook,15.6,8,Intel HD Graphics 620,Windows,2.3,10.790103923492092,0,256,0,1,1920,1080,141.21199808219862,Intel Core i5
Asus,Netbook,11.6,4,Intel HD Graphics 500,Windows,1.2,9.804506643842341,0,64,0,0,1366,768,135.0942111925629,Other Intel Processor
HP,Notebook,15.6,8,AMD Radeon 520,Windows,1.91,10.403650143697382,0,256,0,0,1366,768,100.45466986113651,Intel Core i5
Lenovo,2 in 1 Convertible,13.9,8,Intel UHD Graphics 620,Windows,1.4,11.352694739066088,0,256,1,1,1920,1080,158.48253022174808,Intel Core i5
Lenovo,Notebook,14.0,4,Intel HD Graphics 500,Windows,2.1,9.67600459962282,500,0,0,0,1366,768,111.93520355955211,Other Intel Processor
Lenovo,Netbook,11.6,4,Intel HD Graphics 400,Others/No OS/Linux,1.25,9.555290852218356,0,16,0,0,1366,768,135.0942111925629,Other Intel Processor
Lenovo,Notebook,13.3,8,Intel HD Graphics 620,Windows,1.44,10.830969824842061,0,256,0,0,1920,1080,165.6321180513006,Intel Core i5
Asus,Notebook,15.6,8,Intel HD Graphics 620,Windows,2.0,11.085440489304405,1,256,0,0,1920,1080,141.21199808219862,Intel Core i7
Acer,Notebook,15.6,4,Nvidia GeForce MX150,Windows,2.2,10.393925962168344,1,0,0,1,1920,1080,141.21199808219862,Intel Core i5
HP,Ultrabook,13.3,8,Intel HD Graphics 620,Windows,1.34,11.16321819034709,0,512,0,1,1920,1080,165.6321180513006,Intel Core i7
Lenovo,Gaming,15.6,8,Nvidia GeForce GTX 1060,Others/No OS/Linux,2.4,11.02220830408089,1,256,0,1,1920,1080,141.21199808219862,Intel Core i7
Dell,Ultrabook,13.3,8,Intel HD Graphics 620,Windows,1.29,10.776844060703754,0,128,1,1,1920,1080,165.6321180513006,Intel Core i5
Acer,Notebook,15.6,4,Nvidia GeForce 940MX,Windows,2.2,10.435465480609668,500,0,0,0,1920,1080,141.21199808219862,Intel Core i7
Dell,Notebook,15.6,8,Intel HD Graphics 620,Windows,2.18,10.704189639316835,1,0,0,0,1920,1080,141.21199808219862,Intel Core i5
Dell,Notebook,15.6,16,AMD Radeon 530,Windows,2.2,11.081544019025282,2,256,0,0,1920,1080,141.21199808219862,Intel Core i7
Xiaomi,Notebook,15.6,16,Nvidia GeForce MX150,Others/No OS/Linux,1.95,11.219752826912,0,256,0,1,1920,1080,141.21199808219862,Intel Core i7
Asus,Netbook,11.6,2,Intel HD Graphics 500,Windows,1.1,9.47681923677686,0,32,0,0,1366,768,135.0942111925629,Other Intel Processor
HP,Notebook,15.6,4,Intel UHD Graphics 620,Windows,2.04,10.232212772652005,1,0,1,0,1366,768,100.45466986113651,Intel Core i5
Asus,Gaming,15.6,24,Nvidia GeForce GTX1080,Windows,2.24,11.971204630519404,0,512,0,0,1920,1080,141.21199808219862,Intel Core i7
HP,Notebook,15.6,8,Nvidia GeForce 930MX,Windows,2.04,10.765658261746038,0,256,0,0,1920,1080,141.21199808219862,Intel Core i5
Asus,Gaming,17.3,16,Nvidia GeForce GTX1050 Ti,Windows,3.0,11.291444530741918,1,256,0,0,1920,1080,127.33567457123111,Intel Core i7
Lenovo,Gaming,15.6,8,Nvidia GeForce GTX 1060,Windows,3.2,11.219074000897615,1,256,0,1,1920,1080,141.21199808219862,Intel Core i7
HP,Ultrabook,13.3,8,Intel HD Graphics 620,Windows,1.32,11.219074000897615,0,256,0,1,1920,1080,165.6321180513006,Intel Core i7
Dell,Notebook,14.0,8,Intel HD Graphics 620,Windows,1.64,11.129965423395353,0,256,0,0,1920,1080,157.3505121487356,Intel Core i5
HP,Notebook,15.6,4,Intel HD Graphics 520,Windows,1.63,10.510802297245792,0,128,0,0,1366,768,100.45466986113651,Intel Core i3
Dell,Notebook,17.3,8,AMD Radeon 530,Others/No OS/Linux,2.8,10.765658261746038,1,128,0,1,1920,1080,127.33567457123111,Intel Core i5
Lenovo,Notebook,14.0,8,Intel HD Graphics 520,Windows,2.02,11.17598591917709,0,256,0,0,1920,1080,157.3505121487356,Intel Core i5
Lenovo,Notebook,15.6,4,Nvidia GeForce 920MX,Windows,2.2,10.658921971998408,1,0,0,0,1920,1080,141.21199808219862,Intel Core i7
Lenovo,Notebook,15.6,8,Nvidia GeForce 920MX ,Others/No OS/Linux,2.2,10.104611236292678,2,0,0,0,1366,768,100.45466986113651,Intel Core i3
Dell,Notebook,15.6,4,AMD Radeon R5 M430,Windows,2.3,10.34717287346399,500,0,0,0,1920,1080,141.21199808219862,Intel Core i5
Dell,Notebook,15.6,8,Intel HD Graphics 620,Windows,1.9,11.203223524960789,0,256,0,0,1920,1080,141.21199808219862,Intel Core i5
Dell,Gaming,17.3,16,Nvidia GeForce GTX 1070,Windows,4.42,11.98617622657084,1,128,0,1,1920,1080,127.33567457123111,Intel Core i7
Toshiba,Notebook,15.6,8,Intel HD Graphics 620,Windows,2.0,10.732493415479688,500,0,0,1,1920,1080,141.21199808219862,Intel Core i5
Asus,Notebook,15.6,8,Nvidia GeForce GTX 960M,Windows,2.0,11.144911042902732,1,256,0,1,3840,2160,282.42399616439724,Intel Core i7
Mediacom,Notebook,13.3,4,Intel HD Graphics 500,Windows,1.2,9.88635767027266,0,32,0,1,1920,1080,165.6321180513006,Other Intel Processor
Asus,Gaming,15.6,8,Nvidia GeForce GTX 1060,Windows,2.3,11.383485348791732,1,128,0,1,1920,1080,141.21199808219862,Intel Core i5
Dell,Notebook,15.6,8,Nvidia GeForce 930MX,Windows,1.93,11.197396851520583,0,256,0,0,1920,1080,141.21199808219862,Intel Core i7
Dell,Notebook,15.6,8,AMD Radeon 530,Windows,2.2,10.656930001858216,0,256,0,0,1920,1080,141.21199808219862,Intel Core i5
HP,Notebook,15.6,4,Intel HD Graphics 405,Windows,1.86,9.964497380151283,0,256,0,0,1920,1080,141.21199808219862,Other Intel Processor
HP,Gaming,17.3,12,Nvidia GeForce GTX 1060,Windows,2.62,11.470547260182666,1,0,0,0,1920,1080,127.33567457123111,Intel Core i7
Lenovo,Notebook,14.0,8,Nvidia GeForce 940MX,Windows,1.87,10.73132994821639,0,256,0,1,1920,1080,157.3505121487356,Intel Core i7
Dell,Ultrabook,13.3,8,Intel UHD Graphics 620,Windows,1.2,11.219074000897615,0,256,1,0,3200,1800,276.053530085501,Intel Core i7
Dell,Notebook,14.0,4,Intel HD Graphics 520,Windows,1.6,10.576614498925235,0,128,0,0,1920,1080,157.3505121487356,Intel Core i3
HP,Ultrabook,13.3,8,Intel HD Graphics 620,Windows,1.34,11.018720942220474,0,256,0,1,3200,1800,276.053530085501,Intel Core i7
Acer,Gaming,15.6,8,Nvidia GeForce GTX 1050,Others/No OS/Linux,2.4,10.657669623681942,1,0,0,0,1920,1080,141.21199808219862,Intel Core i5
Asus,Notebook,15.6,4,AMD Radeon R2 Graphics,Windows,2.0,9.83063294843456,500,0,0,0,1366,768,100.45466986113651,AMD Processor
HP,Notebook,15.6,4,Intel HD Graphics 620,Windows,2.1,10.534467797525002,0,128,0,0,1920,1080,141.21199808219862,Intel Core i3
Lenovo,Notebook,14.0,4,Intel HD Graphics 620,Windows,1.87,10.641244744014543,500,0,0,0,1920,1080,157.3505121487356,Intel Core i5
Lenovo,Notebook,15.6,4,Intel HD Graphics 520,Others/No OS/Linux,2.15,10.111883206255781,1,0,0,0,1920,1080,141.21199808219862,Intel Core i5
HP,Notebook,15.6,4,Intel HD Graphics 520,Windows,1.86,9.959497306919324,500,0,0,0,1920,1080,141.21199808219862,Intel Core i3
Lenovo,Notebook,15.6,8,Intel HD Graphics 620,Windows,1.99,11.430859511915424,0,512,0,1,1920,1080,141.21199808219862,Intel Core i7
Lenovo,Notebook,15.6,4,Intel HD Graphics 520,Windows,2.2,10.188167121983652,0,128,0,0,1920,1080,141.21199808219862,Intel Core i3
Dell,Notebook,15.6,8,Intel HD Graphics 620,Windows,1.9,10.993953872709783,0,256,0,0,1920,1080,141.21199808219862,Intel Core i5
Dell,Gaming,17.3,16,Nvidia GeForce GTX 1070,Windows,4.42,11.876197639250138,1,256,0,1,1920,1080,127.33567457123111,Intel Core i7
HP,Notebook,17.3,8,Intel HD Graphics 520,Windows,2.65,10.274785970374204,1,0,0,0,1600,900,106.11306214269258,Intel Core i3
HP,Notebook,17.3,8,Nvidia GeForce 930MX,Windows,2.63,11.130176383145796,1,0,0,0,1920,1080,127.33567457123111,Intel Core i7
Asus,Notebook,15.6,4,Intel HD Graphics 500,Others/No OS/Linux,2.0,9.387207078087174,500,0,0,0,1366,768,100.45466986113651,Other Intel Processor
Mediacom,Notebook,13.3,4,Intel HD Graphics,Windows,1.35,9.51682457139056,0,32,0,1,1920,1080,165.6321180513006,Other Intel Processor
Lenovo,Notebook,17.3,6,Nvidia GeForce 940MX,Windows,2.8,10.830969824842061,1,128,0,0,1600,900,106.11306214269258,Intel Core i7
HP,Notebook,15.6,6,AMD Radeon 530,Windows,1.91,10.319265697988735,0,128,0,1,1920,1080,141.21199808219862,AMD Processor
Dell,Notebook,15.6,4,AMD Radeon R5 M420,Windows,2.18,10.401887658299067,1,0,0,0,1366,768,100.45466986113651,Intel Core i3
Acer,2 in 1 Convertible,11.6,4,Intel HD Graphics 500,Windows,1.25,9.83063294843456,0,32,1,1,1920,1080,189.90579052433606,Other Intel Processor
Lenovo,Notebook,15.6,4,Intel HD Graphics 620,Windows,2.05,10.421280845617712,0,128,0,0,1920,1080,141.21199808219862,Intel Core i3
HP,Ultrabook,13.3,16,Intel HD Graphics 515,Windows,1.16,11.558808550535495,0,512,1,1,3200,1800,276.053530085501,Other Intel Processor
Lenovo,Notebook,17.3,8,Nvidia Quadro M620M,Windows,3.4,11.981595204981144,0,256,0,1,1920,1080,127.33567457123111,Intel Core i7
Asus,Notebook,15.6,8,Nvidia GeForce GTX 1050,Windows,2.5,10.70777173269934,1,128,0,0,1920,1080,141.21199808219862,Intel Core i5
Dell,Ultrabook,13.3,8,Intel UHD Graphics 620,Windows,1.21,11.352694739066088,0,128,1,1,3840,2160,331.2642361026012,Intel Core i5
Dell,Notebook,15.6,4,Intel HD Graphics 620,Windows,1.93,10.841452101115571,500,0,0,0,1366,768,100.45466986113651,Intel Core i5
Fujitsu,Notebook,15.6,8,Intel HD Graphics 620,Windows,2.2,10.580858947180335,1,0,0,0,1366,768,100.45466986113651,Intel Core i5
Lenovo,Notebook,15.6,4,Intel HD Graphics 505,Windows,2.2,9.816202683605532,500,0,0,0,1920,1080,141.21199808219862,Other Intel Processor
Lenovo,Notebook,14.0,4,Intel HD Graphics 620,Windows,2.02,10.87326596936077,500,0,0,0,1366,768,111.93520355955211,Intel Core i5
HP,Workstation,17.3,8,Nvidia Quadro M1200,Windows,3.14,11.504424909404817,500,0,0,0,1600,900,106.11306214269258,Intel Core i5
HP,Notebook,14.0,8,Intel HD Graphics 405,Windows,1.94,9.93914036985058,2,0,0,0,1366,768,111.93520355955211,Other Intel Processor
HP,Notebook,15.6,6,AMD Radeon 530,Windows,1.95,10.450993742936223,0,256,0,1,1920,1080,141.21199808219862,AMD Processor
Lenovo,Notebook,15.6,8,Intel HD Graphics 620,Windows,2.3,10.696986727022777,0,256,0,0,1920,1080,141.21199808219862,Intel Core i5
Lenovo,Notebook,15.6,4,Intel HD Graphics 620,Windows,2.05,10.50497986449436,500,0,0,0,1920,1080,141.21199808219862,Intel Core i5
Mediacom,Notebook,14.0,4,Intel HD Graphics,Windows,1.4,9.493013922696841,0,32,0,0,1920,1080,157.3505121487356,Other Intel Processor
Toshiba,Ultrabook,14.0,16,Intel HD Graphics 620,Windows,1.24,11.50657735831005,0,512,1,0,1920,1080,157.3505121487356,Intel Core i7
Lenovo,Gaming,17.3,32,Nvidia GeForce GTX 1070,Windows,4.6,11.862769612046066,1,256,0,1,1920,1080,127.33567457123111,Intel Core i7
MSI,Gaming,17.3,16,Nvidia GeForce GTX 1070,Windows,4.14,11.887251546940472,1,512,0,0,1920,1080,127.33567457123111,Intel Core i7
Dell,Notebook,15.6,8,AMD Radeon R5 M430,Others/No OS/Linux,2.2,10.594313360795073,0,256,0,0,1920,1080,141.21199808219862,Intel Core i7
Mediacom,Notebook,14.0,4,Intel HD Graphics 500,Windows,1.45,9.93914036985058,0,32,0,1,1920,1080,157.3505121487356,Other Intel Processor
Dell,Notebook,15.6,8,Intel HD Graphics 620,Windows,1.9,10.891800214862581,500,0,0,0,1366,768,100.45466986113651,Intel Core i5
HP,Notebook,13.3,4,Intel HD Graphics 620,Windows,1.49,10.55342238395318,0,128,0,0,1920,1080,165.6321180513006,Intel Core i3
Dell,Notebook,15.6,16,Nvidia GeForce 930MX,Windows,1.93,11.313402478637915,0,256,0,0,1920,1080,141.21199808219862,Intel Core i7
Dell,Netbook,11.6,4,Intel HD Graphics 400,Others/No OS/Linux,1.26,9.662536382571954,0,16,0,0,1366,768,135.0942111925629,Other Intel Processor
MSI,Gaming,17.3,16,Nvidia GeForce GTX 980M,Windows,4.5,11.737306010891047,1,128,0,0,1920,1080,127.33567457123111,Intel Core i7
HP,Gaming,17.3,16,Nvidia GeForce GTX 1050,Windows,3.78,11.2874471903093,1,256,0,1,1920,1080,127.33567457123111,Intel Core i7
Lenovo,Ultrabook,14.0,12,Intel HD Graphics 520,Windows,1.4,11.397934727218958,0,256,0,1,1920,1080,157.3505121487356,Intel Core i7
Lenovo,Notebook,15.6,12,Intel HD Graphics 620,Windows,2.2,10.38737929394203,1,0,1,0,1366,768,100.45466986113651,Intel Core i7
Asus,Gaming,17.3,8,Nvidia GeForce GTX 1060,Windows,2.73,11.454295851800008,1,128,0,1,1920,1080,127.33567457123111,Intel Core i5
Asus,2 in 1 Convertible,15.6,8,Intel HD Graphics 520,Windows,2.2,10.580858947180335,1,0,1,0,1366,768,100.45466986113651,Intel Core i5
Lenovo,Notebook,15.6,12,AMD Radeon 530,Windows,2.2,10.830969824842061,0,512,0,0,1920,1080,141.21199808219862,AMD Processor
Dell,2 in 1 Convertible,11.6,4,Intel HD Graphics 615,Windows,1.39,10.377478222959319,0,128,1,0,1366,768,135.0942111925629,Other Intel Processor
Samsung,Notebook,15.6,16,Nvidia GeForce GTX 1050,Windows,2.5,11.413356147904066,1,128,0,0,1920,1080,141.21199808219862,Intel Core i7
Lenovo,Notebook,17.3,4,Intel HD Graphics 520,Others/No OS/Linux,2.8,10.246549458090433,500,0,0,0,1920,1080,127.33567457123111,Intel Core i3
Lenovo,Notebook,15.6,8,Intel HD Graphics 520,Windows,2.29,10.104611236292678,1,0,0,0,1366,768,100.45466986113651,Intel Core i3
Lenovo,2 in 1 Convertible,13.3,8,Intel HD Graphics 620,Windows,1.37,11.588886005772773,0,512,1,1,1920,1080,165.6321180513006,Intel Core i7
Lenovo,Notebook,14.0,8,Intel HD Graphics 630,Windows,1.7,11.271296098981416,0,256,0,1,1920,1080,157.3505121487356,Intel Core i5
Dell,2 in 1 Convertible,12.5,8,Intel HD Graphics 620,Windows,1.34,11.396139931642935,0,256,1,0,1920,1080,176.23257360658386,Intel Core i5
Dell,Workstation,15.6,8,Nvidia Quadro M620,Windows,2.06,11.450333208630004,0,256,1,0,1920,1080,141.21199808219862,Intel Core i7
HP,Notebook,15.6,8,Intel HD Graphics 620,Windows,1.84,11.081347155713406,0,256,0,0,1920,1080,141.21199808219862,Intel Core i7
HP,Notebook,15.6,4,Intel HD Graphics 620,Windows,2.1,10.480567504600335,500,0,0,0,1366,768,100.45466986113651,Intel Core i3
Acer,Notebook,14.0,4,Intel HD Graphics 500,Windows,1.6,9.771618776997505,0,32,0,0,1920,1080,157.3505121487356,Other Intel Processor
MSI,Gaming,17.3,16,Nvidia GeForce GTX 970M,Windows,4.14,11.671319016786894,1,128,0,0,1920,1080,127.33567457123111,Intel Core i7
Dell,Notebook,15.6,4,AMD Radeon R5 M420,Others/No OS/Linux,2.18,10.11759843181949,1,0,0,0,1366,768,100.45466986113651,Intel Core i3
MSI,Gaming,15.6,16,Nvidia GeForce GTX 1060,Windows,1.8,11.715790550995315,2,256,0,0,3840,2160,282.42399616439724,Intel Core i7
Toshiba,Notebook,15.6,8,Intel HD Graphics 520,Windows,2.2,11.219074000897615,0,256,0,1,1920,1080,141.21199808219862,Intel Core i7
Lenovo,Notebook,15.6,6,Intel HD Graphics 620,Windows,2.4,10.310615277730193,1,0,0,0,1920,1080,141.21199808219862,Intel Core i5
Lenovo,2 in 1 Convertible,15.6,8,Intel HD Graphics 630,Windows,2.0,11.144911042902732,0,256,1,1,1920,1080,141.21199808219862,Intel Core i7
Acer,Notebook,14.0,4,Intel HD Graphics 405,Windows,1.6,9.83063294843456,0,128,0,0,1366,768,111.93520355955211,Other Intel Processor
Lenovo,Notebook,15.6,32,Nvidia Quadro M2200M,Windows,2.5,12.472347407870709,0,1,0,1,3840,2160,282.42399616439724,Other Intel Processor
Dell,Gaming,15.6,16,Nvidia GeForce GTX 960<U+039C>,Windows,2.59,10.754357300416876,1,0,0,0,1920,1080,141.21199808219862,Intel Core i7
Dell,Notebook,15.6,4,Intel HD Graphics 520,Others/No OS/Linux,2.18,10.071160338072124,1,0,0,0,1366,768,100.45466986113651,Intel Core i3
Dell,Notebook,15.6,4,Intel HD Graphics 520,Others/No OS/Linux,2.25,9.858883414720413,1,0,0,0,1366,768,100.45466986113651,Intel Core i3
Dell,Notebook,15.6,4,Intel HD Graphics 620,Others/No OS/Linux,1.93,10.742904151497525,500,0,0,0,1366,768,100.45466986113651,Intel Core i5
Asus,Gaming,17.3,8,Nvidia GeForce GTX 1050,Windows,3.0,11.038609189620306,1,128,0,0,1920,1080,127.33567457123111,Intel Core i7
Dell,Notebook,15.6,4,AMD Radeon R5 M420,Others/No OS/Linux,2.18,10.319441460358465,0,128,0,0,1920,1080,141.21199808219862,Intel Core i5
HP,Ultrabook,15.6,8,Intel HD Graphics 620,Windows,1.84,11.211900368986477,0,512,0,0,1920,1080,141.21199808219862,Intel Core i7
MSI,Gaming,15.6,16,Nvidia GeForce GTX 1070,Windows,2.94,11.702152960779438,1,256,0,0,1920,1080,141.21199808219862,Intel Core i7
Acer,2 in 1 Convertible,11.6,4,Intel HD Graphics 400,Others/No OS/Linux,1.25,9.913097231314559,0,32,1,1,1366,768,135.0942111925629,Other Intel Processor
HP,Notebook,14.0,8,Intel HD Graphics 620,Windows,2.31,11.00021005668577,0,256,0,0,1366,768,111.93520355955211,Intel Core i5
Lenovo,Notebook,14.0,8,Intel HD Graphics 520,Windows,1.65,11.265171547683302,0,256,0,0,1920,1080,157.3505121487356,Intel Core i5
Dell,Notebook,15.6,4,AMD Radeon 530,Windows,2.2,10.629713546415353,1,0,0,0,1920,1080,141.21199808219862,Intel Core i5
Fujitsu,Notebook,15.6,8,Intel HD Graphics 620,Windows,2.2,10.658921971998408,0,256,0,0,1366,768,100.45466986113651,Intel Core i5
HP,Notebook,15.6,4,Intel HD Graphics 520,Windows,1.88,10.812893840917726,500,0,0,0,1366,768,100.45466986113651,Intel Core i5
Lenovo,Notebook,15.6,8,Nvidia GeForce 920MX,Windows,2.2,10.776844060703754,1,0,0,0,1920,1080,141.21199808219862,Intel Core i7
Mediacom,Notebook,14.0,2,Intel HD Graphics,Windows,1.4,9.452024578163645,0,32,0,0,1920,1080,157.3505121487356,Other Intel Processor
Lenovo,Notebook,15.6,4,Intel HD Graphics 620,Others/No OS/Linux,2.2,10.12402932214978,0,128,0,0,1920,1080,141.21199808219862,Intel Core i5
Asus,2 in 1 Convertible,13.3,6,Intel HD Graphics 620,Windows,1.5,10.435481129939486,1,0,1,0,1920,1080,165.6321180513006,Intel Core i5
Dell,Notebook,15.6,8,Nvidia GeForce GTX 1050,Windows,2.0,11.482152806302976,0,256,0,0,1920,1080,141.21199808219862,Intel Core i7
Asus,Ultrabook,14.0,16,Intel HD Graphics 620,Windows,1.1,11.525170191386666,0,512,0,0,1920,1080,157.3505121487356,Intel Core i7
Dell,Gaming,15.6,16,Nvidia GeForce GTX 1050 Ti,Windows,2.62,11.274682488942933,1,256,0,0,1920,1080,141.21199808219862,Intel Core i7
Lenovo,Notebook,15.6,4,Intel UHD Graphics 620,Windows,1.8,10.695781181367428,0,256,0,0,1920,1080,141.21199808219862,Intel Core i5
Lenovo,Notebook,15.6,4,Nvidia GeForce 920MX ,Windows,2.2,10.336863503805128,1,0,0,0,1920,1080,141.21199808219862,Intel Core i3
Asus,Notebook,15.6,8,Intel HD Graphics 500,Windows,2.0,9.964522443121997,1,0,0,0,1366,768,100.45466986113651,Other Intel Processor
Asus,Notebook,15.6,8,Nvidia GeForce GTX 1050,Windows,1.99,10.785284424941176,1,0,0,0,1920,1080,141.21199808219862,Intel Core i5
Dell,Ultrabook,13.3,8,Intel UHD Graphics 620,Windows,1.23,11.508719833687696,0,256,1,0,3200,1800,276.053530085501,Intel Core i5
Lenovo,Notebook,14.0,2,Intel HD Graphics 400,Windows,1.42,9.493013922696841,0,32,0,0,1366,768,111.93520355955211,Other Intel Processor
Lenovo,2 in 1 Convertible,13.3,8,Intel HD Graphics 620,Windows,1.37,11.44716312967751,0,256,1,1,1920,1080,165.6321180513006,Intel Core i7
Dell,Notebook,15.6,16,Nvidia GeForce GTX 1050,Windows,2.06,11.758368289071829,0,1,1,0,3840,2160,282.42399616439724,Intel Core i7
Lenovo,Gaming,15.6,8,Nvidia GeForce GTX 1050M,Windows,2.5,10.9867750135825,1,128,0,1,1920,1080,141.21199808219862,Intel Core i7
HP,Notebook,17.0,8,AMD Radeon R5,Windows,2.6,10.231119110983279,1,0,0,0,1600,900,107.98564559226952,AMD Processor
Lenovo,Ultrabook,14.0,16,Intel HD Graphics 620,Windows,1.14,11.779404329770907,0,512,0,1,1920,1080,157.3505121487356,Intel Core i7
Asus,Gaming,15.6,8,Nvidia GeForce GTX 1050 Ti,Others/No OS/Linux,2.5,11.039464987704202,1,0,0,1,1920,1080,141.21199808219862,Intel Core i7
Acer,Notebook,15.6,4,Intel HD Graphics 520,Windows,2.4,10.084808608996498,500,0,0,0,1366,768,100.45466986113651,Intel Core i3
Lenovo,Notebook,14.0,4,Intel HD Graphics,Windows,1.43,9.588689132620203,0,32,0,0,1366,768,111.93520355955211,Other Intel Processor
Acer,Ultrabook,14.0,8,Intel Graphics 620,Windows,1.8,10.798847148587821,0,256,0,1,1920,1080,157.3505121487356,Intel Core i5
Razer,Gaming,14.0,16,Nvidia GeForce GTX 1060,Windows,1.95,11.838443060873624,0,256,0,0,1920,1080,157.3505121487356,Intel Core i7
Toshiba,Notebook,13.3,8,Intel HD Graphics 520,Windows,1.2,11.076412935176183,0,256,0,0,1920,1080,165.6321180513006,Intel Core i5
Lenovo,Ultrabook,12.5,8,Intel HD Graphics 620,Windows,1.36,11.343269598606504,0,256,0,1,1920,1080,176.23257360658386,Intel Core i7
Asus,Gaming,17.3,32,Nvidia GeForce GTX 1080,Windows,3.8,11.912578515747587,0,512,0,1,1920,1080,127.33567457123111,Intel Core i7
Acer,Gaming,15.6,8,Nvidia GeForce GTX 1050,Others/No OS/Linux,2.4,10.53941655276426,1,0,0,0,1920,1080,141.21199808219862,Intel Core i5
Dell,Ultrabook,13.3,8,Intel UHD Graphics 620,Windows,1.2,11.254810893751282,0,256,0,0,1920,1080,165.6321180513006,Intel Core i5
MSI,Gaming,15.6,8,Nvidia GeForce GTX 1050 Ti,Windows,2.2,11.058781074545012,1,128,0,0,1920,1080,141.21199808219862,Intel Core i7
HP,Notebook,15.6,4,Intel HD Graphics 520,Others/No OS/Linux,1.86,9.875184369674535,500,0,0,0,1366,768,100.45466986113651,Intel Core i3
Toshiba,Notebook,15.6,8,Intel HD Graphics 620,Windows,2.0,10.945351696133724,500,0,0,1,1920,1080,141.21199808219862,Intel Core i5
Dell,Notebook,15.6,8,AMD Radeon 530,Windows,2.2,10.798847148587821,0,256,0,0,1920,1080,141.21199808219862,Intel Core i7
Dell,Notebook,15.6,16,AMD Radeon 530,Windows,2.2,11.009948956147637,2,256,0,0,1920,1080,141.21199808219862,Intel Core i7
Lenovo,Gaming,15.6,8,Nvidia GeForce GTX 960,Windows,3.31,11.06229896074271,1,128,0,1,1920,1080,141.21199808219862,Intel Core i7
Dell,Gaming,17.3,32,Nvidia GeForce GTX 1070,Windows,4.42,12.029883488676532,1,512,0,1,3840,2160,254.67134914246222,Intel Core i7
Dell,Notebook,14.0,8,Intel HD Graphics 520,Windows,1.56,11.089517135798168,0,256,0,0,1920,1080,157.3505121487356,Intel Core i5
Lenovo,Notebook,15.6,4,Intel HD Graphics 500,Windows,2.2,10.013431946154272,500,0,0,0,1366,768,100.45466986113651,Other Intel Processor
Lenovo,Notebook,15.6,4,Intel HD Graphics 520,Windows,2.2,10.25782777312814,500,0,0,0,1920,1080,141.21199808219862,Intel Core i5
HP,Notebook,15.6,6,AMD Radeon R5 M430,Windows,2.04,10.265276597141131,1,0,0,0,1920,1080,141.21199808219862,Intel Core i3
MSI,Gaming,17.3,8,Nvidia GeForce GTX 1060,Windows,2.7,11.27992228688911,1,128,0,0,1920,1080,127.33567457123111,Intel Core i7
Toshiba,Notebook,15.6,4,Intel HD Graphics 520,Windows,2.1,10.186161103256786,0,128,0,0,1366,768,100.45466986113651,Intel Core i3
Dell,Notebook,15.6,8,Intel HD Graphics 620,Windows,2.06,10.837272366712863,1,0,0,0,1920,1080,141.21199808219862,Intel Core i5
HP,Notebook,15.6,8,AMD Radeon 530,Windows,2.1,10.588945244611693,1,0,0,0,1920,1080,141.21199808219862,Intel Core i7
Toshiba,Notebook,15.6,8,Intel HD Graphics 620,Windows,2.0,11.11283946349252,0,256,0,1,1920,1080,141.21199808219862,Intel Core i5
Acer,Notebook,15.6,4,Intel HD Graphics 520,Others/No OS/Linux,2.1,9.99658437558166,0,128,0,0,1366,768,100.45466986113651,Intel Core i3
Microsoft,Ultrabook,13.5,8,Intel Iris Plus Graphics 640,Windows,1.252,11.508104342010855,0,256,1,0,2256,1504,200.84255993695703,Intel Core i7
Lenovo,Notebook,15.6,8,AMD Radeon R5 M430,Windows,1.9,10.682362236272313,1,128,0,0,1920,1080,141.21199808219862,Intel Core i5
Lenovo,2 in 1 Convertible,13.3,8,Intel HD Graphics 620,Windows,1.3,10.916751081300507,0,256,1,1,1920,1080,165.6321180513006,Intel Core i5
Lenovo,Notebook,15.6,4,AMD Radeon R2 Graphics,Windows,2.2,9.83063294843456,0,128,0,0,1366,768,100.45466986113651,AMD Processor
HP,2 in 1 Convertible,14.0,4,Nvidia GeForce 940MX,Windows,1.63,10.525211768465944,0,128,1,1,1920,1080,157.3505121487356,Intel Core i3
MSI,Gaming,15.6,16,Nvidia GeForce GTX 1050,Windows,2.4,11.14105450129298,1,256,0,0,1920,1080,141.21199808219862,Intel Core i7
Asus,Ultrabook,14.0,8,Intel HD Graphics 620,Windows,1.1,11.009948956147637,0,256,0,0,1920,1080,157.3505121487356,Intel Core i5
HP,2 in 1 Convertible,11.6,8,Intel HD Graphics 500,Others/No OS/Linux,1.4,10.180118788800824,0,64,1,0,1366,768,135.0942111925629,Other Intel Processor
LG,Ultrabook,15.6,8,Intel HD Graphics 620,Windows,1.09,11.715790550995315,0,512,0,1,1920,1080,141.21199808219862,Intel Core i7
Acer,Gaming,15.6,16,Nvidia GeForce GTX 1050 Ti,Windows,2.5,11.144911042902732,0,256,0,0,1920,1080,141.21199808219862,Intel Core i5
MSI,Gaming,15.6,8,Nvidia GeForce GTX 1050,Windows,2.2,10.8812140971224,0,256,0,0,1920,1080,141.21199808219862,Intel Core i5
Asus,Notebook,15.6,4,Intel HD Graphics 500,Windows,1.86,10.013431946154272,0,128,0,0,1366,768,100.45466986113651,Other Intel Processor
Dell,Gaming,15.6,16,Nvidia GeForce GTX 1060,Windows,3.21,11.601643784304514,1,128,0,0,1920,1080,141.21199808219862,Intel Core i5
HP,Notebook,17.3,4,AMD Radeon R5 520,Windows,2.5,10.525211768465944,0,256,0,1,1920,1080,127.33567457123111,Intel Core i3
Lenovo,2 in 1 Convertible,13.3,8,Intel UHD Graphics 620,Windows,1.19,11.288114524334732,0,512,1,1,1920,1080,165.6321180513006,Intel Core i7
Dell,Gaming,15.6,16,Nvidia GeForce GTX 1070,Windows,3.49,11.917834418453076,1,256,0,0,1920,1080,141.21199808219862,Intel Core i7
HP,Notebook,15.6,4,AMD Radeon 520,Windows,1.86,10.393289544363068,500,0,0,0,1366,768,100.45466986113651,Intel Core i5
Dell,Notebook,15.6,4,AMD Radeon R5 M430,Windows,2.2,10.277575423651992,1,0,0,0,1366,768,100.45466986113651,Intel Core i3
HP,Notebook,17.3,6,AMD Radeon R7 M440,Windows,2.65,10.319441460358465,2,0,0,1,1920,1080,127.33567457123111,AMD Processor
Lenovo,Notebook,15.6,4,Intel HD Graphics 510,Windows,2.1,9.73761240901231,500,0,0,0,1366,768,100.45466986113651,Other Intel Processor
Acer,Notebook,14.0,4,Intel HD Graphics 510,Others/No OS/Linux,1.45,9.902487052202545,0,32,0,0,1366,768,111.93520355955211,Other Intel Processor
Lenovo,Notebook,14.0,4,Intel HD Graphics 620,Windows,1.7,10.525211768465944,0,256,0,0,1920,1080,157.3505121487356,Intel Core i5
HP,Workstation,17.3,8,Nvidia Quadro M1200,Windows,3.14,11.529366637136484,500,0,0,0,1920,1080,127.33567457123111,Intel Core i7
Lenovo,2 in 1 Convertible,14.0,8,Intel HD Graphics 620,Windows,1.42,11.834974180925718,0,256,1,0,2560,1440,209.8006828649808,Intel Core i7
Toshiba,Notebook,13.3,8,Intel HD Graphics 620,Windows,1.5,10.855945108418139,0,256,0,1,1920,1080,165.6321180513006,Intel Core i5
Acer,Netbook,11.6,4,Intel HD Graphics,Windows,1.4,9.570272405833974,0,32,0,0,1366,768,135.0942111925629,Other Intel Processor
Lenovo,2 in 1 Convertible,14.0,16,Intel HD Graphics 620,Windows,1.38,11.442360501250736,0,512,1,0,1920,1080,157.3505121487356,Intel Core i7
Asus,2 in 1 Convertible,12.5,4,Intel HD Graphics 515,Others/No OS/Linux,1.2,10.481345086360362,0,64,1,0,1920,1080,176.23257360658386,Other Intel Processor
Toshiba,Ultrabook,13.3,16,Intel HD Graphics 520,Windows,1.36,11.512991062818642,0,512,1,0,1920,1080,165.6321180513006,Intel Core i7
HP,Notebook,15.6,4,AMD Radeon 530,Windows,2.1,10.510802297245792,500,0,0,1,1920,1080,141.21199808219862,Intel Core i7
Dell,Gaming,15.6,8,Nvidia GeForce GTX 1050,Windows,2.56,10.683645110085203,1,0,0,0,1920,1080,141.21199808219862,Intel Core i5
Lenovo,Notebook,15.6,4,AMD Radeon 530,Windows,2.2,9.964522443121997,0,256,0,0,1920,1080,141.21199808219862,AMD Processor
Lenovo,Notebook,15.6,8,AMD Radeon R7,Windows,2.2,10.03701794516015,1,0,0,0,1366,768,100.45466986113651,AMD Processor
Lenovo,Notebook,15.6,4,Intel HD Graphics 620,Windows,2.1,10.407616483423654,2,0,0,0,1920,1080,141.21199808219862,Intel Core i5
Lenovo,Notebook,15.6,4,Intel HD Graphics 520,Others/No OS/Linux,1.9,10.084808608996498,500,0,0,0,1366,768,100.45466986113651,Intel Core i3
Dell,Notebook,15.6,8,Intel HD Graphics 620,Windows,2.18,10.653903140886465,0,256,0,0,1920,1080,141.21199808219862,Intel Core i5
Acer,2 in 1 Convertible,13.3,8,Intel UHD Graphics 620,Windows,1.6,10.882315804880687,0,256,1,1,1920,1080,165.6321180513006,Intel Core i5
Lenovo,Workstation,15.6,16,Nvidia Quadro M520M,Windows,2.18,11.50120100127367,0,512,0,0,1920,1080,141.21199808219862,Intel Core i7
Lenovo,Notebook,14.0,8,Intel HD Graphics 520,Windows,1.8,11.058109595587434,0,256,0,0,1920,1080,157.3505121487356,Intel Core i5
HP,Notebook,17.3,6,AMD Radeon 530,Windows,2.71,10.460211528926417,2,0,0,1,1920,1080,127.33567457123111,AMD Processor
Lenovo,Gaming,15.6,8,Nvidia GeForce GTX 1050 Ti,Windows,2.5,11.105659536357711,1,128,0,1,1920,1080,141.21199808219862,Intel Core i7
Dell,Notebook,14.0,8,Nvidia GeForce 930MX,Others/No OS/Linux,1.64,10.968576149165093,0,256,0,0,1920,1080,157.3505121487356,Intel Core i5
Dell,Notebook,15.6,8,Intel HD Graphics 620,Others/No OS/Linux,1.98,10.56311104105693,1,0,0,0,1920,1080,141.21199808219862,Intel Core i5
Asus,Notebook,14.0,4,Intel HD Graphics 500,Windows,1.5,9.672654512737537,0,32,0,0,1920,1080,157.3505121487356,Other Intel Processor
Dell,Notebook,15.6,16,Intel HD Graphics 620,Windows,1.93,11.238652353231751,0,512,0,0,1920,1080,141.21199808219862,Intel Core i5
Lenovo,Notebook,14.0,8,Nvidia GeForce 920MX,Windows,1.87,10.729080621774308,0,256,0,1,1920,1080,157.3505121487356,Intel Core i5
Dell,Notebook,15.6,8,Intel HD Graphics 620,Windows,1.9,11.047982926769505,0,256,0,0,1920,1080,141.21199808219862,Intel Core i5
Lenovo,Notebook,15.6,4,AMD Radeon R4,Windows,2.19,9.672654512737537,500,0,0,0,1366,768,100.45466986113651,AMD Processor
Mediacom,Notebook,14.0,4,Intel HD Graphics 400,Windows,1.4,9.555290852218356,32,0,0,1,1920,1200,161.72539083525606,Other Intel Processor
HP,Notebook,17.3,8,Nvidia GeForce 930MX,Windows,2.63,11.065637862008225,0,256,0,0,1920,1080,127.33567457123111,Intel Core i7
Lenovo,Ultrabook,14.0,8,Intel HD Graphics 520,Windows,1.17,11.406054689443872,0,512,0,1,2560,1440,209.8006828649808,Intel Core i7
HP,2 in 1 Convertible,13.3,8,Intel HD Graphics 620,Windows,1.58,10.704907085240231,0,256,1,1,1366,768,117.82653006268643,Intel Core i5
Lenovo,Ultrabook,14.0,8,Intel HD Graphics 620,Windows,1.32,11.288114524334732,0,256,0,1,1920,1080,157.3505121487356,Intel Core i5
Dell,Gaming,17.3,32,Nvidia GeForce GTX 1070,Windows,4.36,12.1806155047626,1,1,0,0,3840,2160,254.67134914246222,Intel Core i7
MSI,Gaming,17.3,8,Nvidia GeForce GTX 1050 Ti,Windows,2.7,11.182294337407903,1,128,0,0,1920,1080,127.33567457123111,Intel Core i7
Lenovo,Notebook,15.6,4,Intel HD Graphics 620,Others/No OS/Linux,1.9,10.169762314876662,1,0,0,0,1366,768,100.45466986113651,Intel Core i5
Dell,Notebook,15.6,8,AMD Radeon 530,Windows,2.2,10.55342238395318,1,128,0,0,1920,1080,141.21199808219862,Intel Core i5
Dell,2 in 1 Convertible,13.3,4,Intel HD Graphics 620,Windows,1.71,10.450993742936223,1,0,1,0,1920,1080,165.6321180513006,Intel Core i3
Dell,Notebook,15.6,8,AMD Radeon R7 M445,Others/No OS/Linux,2.32,10.354869672690878,1,0,0,0,1366,768,100.45466986113651,Intel Core i5
HP,Notebook,15.6,4,AMD Radeon 520,Windows,2.1,10.167923515707006,1,0,0,0,1920,1080,141.21199808219862,AMD Processor
Acer,Gaming,17.3,16,Nvidia GeForce GTX 1060,Windows,4.2,11.543423631696015,1,128,0,1,1920,1080,127.33567457123111,Intel Core i7
Dell,Notebook,15.6,12,Intel HD Graphics 620,Windows,2.25,10.450993742936223,1,0,0,0,1366,768,100.45466986113651,Intel Core i5
HP,Notebook,15.6,6,AMD Radeon 520,Windows,2.1,10.452533389121816,1,128,0,0,1920,1080,141.21199808219862,AMD Processor
Acer,Notebook,15.6,4,Intel HD Graphics 620,Windows,2.4,10.301710499387234,500,0,0,0,1366,768,100.45466986113651,Intel Core i5
Lenovo,Notebook,13.3,8,Intel HD Graphics 620,Windows,1.44,10.842494310694015,0,256,0,1,1920,1080,165.6321180513006,Intel Core i5
Lenovo,Notebook,15.6,4,Intel HD Graphics 620,Windows,1.85,10.633572072102883,1,0,0,0,1920,1080,141.21199808219862,Intel Core i7
HP,Workstation,15.6,16,Nvidia Quadro M2200,Windows,2.6,11.766670536842161,0,256,0,0,1920,1080,141.21199808219862,Intel Core i7
Dell,2 in 1 Convertible,13.3,8,Intel UHD Graphics 620,Windows,1.55,10.46628456073464,1,0,1,0,1920,1080,165.6321180513006,Intel Core i5
MSI,Gaming,15.6,16,Nvidia GeForce GTX 1060,Windows,1.8,11.6226216177553,1,256,0,0,1920,1080,141.21199808219862,Intel Core i7
Acer,Notebook,15.6,4,Intel HD Graphics 520,Windows,2.4,9.993667504286536,500,0,0,0,1366,768,100.45466986113651,Intel Core i3
Dell,Notebook,15.6,8,Nvidia GeForce 940MX,Windows,2.0,11.071454247329665,1,128,0,0,1920,1080,141.21199808219862,Intel Core i7
Dell,Notebook,15.6,8,Intel HD Graphics 520,Windows,2.0,10.475348066887987,0,256,0,0,1366,768,100.45466986113651,Intel Core i3
Toshiba,Notebook,14.0,8,Intel HD Graphics 620,Windows,1.25,11.311846686253432,0,256,1,1,1920,1080,157.3505121487356,Intel Core i5
Lenovo,2 in 1 Convertible,14.0,8,Intel HD Graphics 620,Windows,1.7,10.882315804880687,0,256,1,0,1920,1080,157.3505121487356,Intel Core i5
Lenovo,Workstation,15.6,16,Nvidia Quadro M520M,Windows,2.5,12.076935697460716,0,1,0,1,3840,2160,282.42399616439724,Intel Core i7
Acer,Notebook,14.0,2,Intel HD Graphics 400,Others/No OS/Linux,1.68,9.77465368069266,0,32,0,0,1366,768,111.93520355955211,Other Intel Processor
Samsung,Ultrabook,13.3,16,Intel HD Graphics 620,Windows,0.81,11.383485348791732,0,256,0,0,1920,1080,165.6321180513006,Intel Core i7
HP,Notebook,15.6,8,Intel HD Graphics 520,Windows,1.86,10.265276597141131,0,256,0,0,1920,1080,141.21199808219862,Intel Core i3
Dell,Notebook,14.0,8,Intel HD Graphics 620,Windows,1.6,11.002618186839925,0,256,0,0,1366,768,111.93520355955211,Intel Core i5
HP,Workstation,17.3,16,Nvidia Quadro M2000M,Windows,3.0,12.362417715920367,0,256,0,1,1920,1080,127.33567457123111,Other Intel Processor
Lenovo,Netbook,11.6,4,Intel HD Graphics 400,Windows,1.4,10.138875830266775,0,128,1,0,1366,768,135.0942111925629,Other Intel Processor
HP,Notebook,15.6,8,Intel HD Graphics 520,Windows,1.84,11.525170191386666,0,256,0,0,1920,1080,141.21199808219862,Intel Core i5
Asus,Notebook,15.6,4,Nvidia GeForce GTX 950M,Others/No OS/Linux,2.45,10.336863503805128,1,0,0,0,1366,768,100.45466986113651,Intel Core i5
Lenovo,Ultrabook,14.0,4,Intel HD Graphics 520,Windows,1.7,10.974983493740094,0,180,0,0,1920,1080,157.3505121487356,Intel Core i5
Asus,Notebook,15.6,4,Intel HD Graphics 620,Windows,2.37,10.720679721736714,0,256,0,0,1366,768,100.45466986113651,Intel Core i7
Lenovo,2 in 1 Convertible,13.3,8,Intel HD Graphics 540,Windows,1.3,11.064804181259648,0,256,1,1,3200,1800,276.053530085501,Intel Core i5
HP,Notebook,15.6,8,Nvidia GeForce GTX 1050,Windows,2.2,10.977716980635755,1,128,0,1,1920,1080,141.21199808219862,Intel Core i5
HP,Workstation,15.6,8,Nvidia Quadro M1000M,Windows,2.59,11.328642946747566,0,256,0,0,1920,1080,141.21199808219862,Intel Core i7
Dell,Gaming,15.6,16,Nvidia GeForce GTX 1070,Windows,4.42,11.937276356672394,1,256,0,1,3840,2160,282.42399616439724,Intel Core i7
Acer,Notebook,15.6,4,Intel HD Graphics 620,Windows,2.1,10.370822624347584,0,256,0,0,1366,768,100.45466986113651,Intel Core i5
Lenovo,Gaming,15.6,8,Nvidia GeForce GTX 1050,Windows,2.5,10.930199891113121,1,128,0,1,1920,1080,141.21199808219862,Intel Core i7
Dell,Ultrabook,12.5,16,Intel HD Graphics 620,Windows,1.18,11.503355013953577,0,256,0,0,1920,1080,176.23257360658386,Intel Core i7
Google,Ultrabook,12.3,8,Intel HD Graphics 615,Others/No OS/Linux,1.1,11.32736089528991,0,256,1,0,2400,1600,234.50740003017813,Intel Core i5
Asus,Ultrabook,13.3,8,Intel HD Graphics 620,Windows,1.2,11.004648590381796,0,256,0,1,3200,1800,276.053530085501,Intel Core i5
Dell,Notebook,13.3,4,Intel HD Graphics 520,Windows,1.65,10.71962021254348,500,0,0,0,1366,768,117.82653006268643,Intel Core i3
Acer,Notebook,13.3,4,Intel HD Graphics 520,Windows,1.6,10.460196261867386,0,128,0,0,1366,768,117.82653006268643,Intel Core i5
Asus,Notebook,17.3,4,Nvidia GeForce 920MX,Windows,2.8,10.12901686366082,1,0,0,0,1366,768,90.58340172449303,Other Intel Processor
Dell,Gaming,15.6,16,Nvidia GeForce GTX 960M,Windows,2.72,10.977716980635755,1,128,1,1,3840,2160,282.42399616439724,Intel Core i7
Samsung,Ultrabook,13.3,8,Intel HD Graphics 620,Windows,1.31,11.352694739066088,0,256,1,0,1920,1080,165.6321180513006,Intel Core i7
Acer,Notebook,15.6,4,Intel HD Graphics 505,Others/No OS/Linux,2.1,9.672654512737537,1,0,0,0,1366,768,100.45466986113651,Other Intel Processor
Dell,Notebook,15.6,16,AMD Radeon R7 M445,Windows,2.3,11.049906436113686,0,256,0,0,1920,1080,141.21199808219862,Intel Core i7
Samsung,2 in 1 Convertible,15.0,16,AMD Radeon 540,Windows,1.71,11.470547260182666,0,256,1,0,1920,1080,146.86047800548656,Intel Core i7
Toshiba,Notebook,14.0,4,Intel HD Graphics 520,Windows,1.75,10.90311893251045,0,128,0,1,1366,768,111.93520355955211,Intel Core i5
Dell,Gaming,15.6,8,Nvidia GeForce GTX 1050,Windows,2.62,10.977716980635755,1,0,0,0,1920,1080,141.21199808219862,Intel Core i7
HP,Ultrabook,12.5,4,Intel HD Graphics 520,Windows,1.26,11.10164829953126,0,256,0,0,1366,768,125.36742798669837,Intel Core i5
Asus,2 in 1 Convertible,15.6,12,Nvidia GeForce 940MX,Windows,2.3,10.70777173269934,2,0,1,0,1920,1080,141.21199808219862,Intel Core i7
Lenovo,Notebook,15.6,16,Nvidia Quadro M2000M,Windows,2.5,11.74620626036131,0,512,0,0,3840,2160,282.42399616439724,Intel Core i7
Acer,Notebook,14.0,4,Intel HD Graphics 620,Windows,1.8,10.430759589572256,0,128,0,1,1920,1080,157.3505121487356,Intel Core i3
Razer,Gaming,14.0,16,Nvidia GeForce GTX 1060,Windows,1.95,11.947682155153789,0,512,0,0,1920,1080,157.3505121487356,Intel Core i7
Asus,Notebook,15.6,8,Intel HD Graphics 505,Windows,2.0,10.341859637894759,0,128,0,0,1920,1080,141.21199808219862,Other Intel Processor
Dell,Gaming,17.3,32,Nvidia GeForce GTX 1070M,Windows,4.42,12.161134189998078,1,1,0,1,1920,1080,127.33567457123111,Intel Core i7
Asus,Gaming,17.3,16,Nvidia GeForce GTX 1070,Windows,4.3,11.737731633370338,1,256,0,1,1920,1080,127.33567457123111,Intel Core i7
Toshiba,Ultrabook,14.0,16,Nvidia GeForce 930M,Windows,1.47,11.45090026279887,0,512,0,1,1920,1080,157.3505121487356,Intel Core i7
Lenovo,Notebook,15.6,8,Intel HD Graphics 405,Others/No OS/Linux,2.2,9.771618776997505,1,0,0,0,1366,768,100.45466986113651,Other Intel Processor
Lenovo,Ultrabook,14.0,16,Intel HD Graphics 620,Windows,1.7,11.715790550995315,0,512,0,0,1920,1080,157.3505121487356,Intel Core i7
MSI,Gaming,14.0,16,Nvidia GeForce GTX 1060,Windows,1.6,11.520422094890591,1,256,0,1,1920,1080,157.3505121487356,Intel Core i7
MSI,Gaming,15.6,8,Nvidia GeForce GTX 1050,Windows,2.2,10.968576149165093,1,128,0,0,1920,1080,141.21199808219862,Intel Core i5
Lenovo,Gaming,15.6,4,Nvidia GeForce GTX 1050,Windows,2.4,10.882315804880687,1,0,0,1,1920,1080,141.21199808219862,Intel Core i7
Acer,Gaming,17.3,16,Nvidia GeForce GTX 1060,Windows,4.2,11.715790550995315,1,256,0,1,1920,1080,127.33567457123111,Intel Core i7
Dell,Gaming,15.6,8,Nvidia GeForce GTX 1050,Windows,2.62,10.868202667404223,0,256,0,0,1920,1080,141.21199808219862,Intel Core i5
Asus,Gaming,15.6,8,Nvidia GeForce GTX1060,Windows,2.24,11.175239371923306,1,128,0,0,1920,1080,141.21199808219862,Intel Core i7
Vero,Notebook,14.0,4,Intel HD Graphics 500,Windows,1.22,9.288274273063903,0,32,0,0,1920,1080,157.3505121487356,Other Intel Processor
Lenovo,2 in 1 Convertible,13.3,8,Intel HD Graphics 620,Windows,1.37,11.561349847964168,0,512,1,1,1920,1080,165.6321180513006,Intel Core i7
Lenovo,2 in 1 Convertible,15.6,8,AMD Radeon R7 M460,Windows,2.08,10.841452101115571,0,256,1,0,1920,1080,141.21199808219862,Intel Core i5
Apple,Ultrabook,12.0,8,Intel HD Graphics 5300,macOS,0.92,11.036037392231934,0,512,0,1,2304,1440,226.41554716935852,Other Intel Processor
Lenovo,2 in 1 Convertible,14.0,8,Intel HD Graphics 620,Windows,1.42,11.72918457279188,0,256,1,1,2560,1440,209.8006828649808,Intel Core i5
Asus,Notebook,14.0,4,Intel HD Graphics 500,Windows,1.63,9.67600459962282,0,32,0,0,1366,768,111.93520355955211,Other Intel Processor
Dell,Notebook,15.6,8,Intel HD Graphics 620,Windows,1.95,10.672595273898619,0,128,0,0,1366,768,100.45466986113651,Intel Core i5
Lenovo,2 in 1 Convertible,13.9,8,Intel HD Graphics 620,Windows,1.38,11.18267988243989,0,256,1,1,1920,1080,158.48253022174808,Intel Core i7
Dell,Notebook,15.6,8,AMD Radeon R5 M420X,Windows,2.0,10.580858947180335,0,256,0,0,1920,1080,141.21199808219862,Intel Core i3
HP,Workstation,15.6,8,Nvidia Quadro M2200,Windows,3.14,11.608398104304563,0,256,0,0,1920,1080,141.21199808219862,Intel Core i7
Asus,Notebook,15.6,8,Intel HD Graphics 620,Windows,2.37,10.977716980635755,0,256,0,0,1920,1080,141.21199808219862,Intel Core i5
Dell,Ultrabook,13.3,8,Intel HD Graphics 620,Windows,1.29,11.288114524334732,0,256,0,0,1920,1080,165.6321180513006,Intel Core i5
Dell,Notebook,15.6,8,Nvidia GeForce GTX 1050,Windows,2.06,11.442360501250736,0,256,1,0,3840,2160,282.42399616439724,Intel Core i5
Dell,Netbook,11.6,4,Intel HD Graphics 505,Windows,1.63,10.587602061065226,0,128,0,0,1366,768,135.0942111925629,Other Intel Processor
HP,Netbook,12.5,8,Intel HD Graphics 620,Windows,1.26,11.211900368986477,0,256,0,0,1366,768,125.36742798669837,Intel Core i5
Toshiba,Notebook,15.6,4,Intel HD Graphics 520,Windows,2.1,10.634854945915771,500,0,0,0,1366,768,100.45466986113651,Intel Core i5
HP,Notebook,15.6,8,AMD Radeon R7 Graphics,Windows,2.04,10.419692282932575,2,0,0,0,1366,768,100.45466986113651,AMD Processor
Dell,Gaming,15.6,16,Nvidia GeForce GTX 1050 Ti,Windows,2.62,11.401514683309674,0,512,0,0,3840,2160,282.42399616439724,Intel Core i7
Lenovo,Notebook,15.6,4,Nvidia GeForce 920M,Windows,2.4,10.38737929394203,1,0,0,0,1920,1080,141.21199808219862,Intel Core i5
HP,Gaming,17.3,12,AMD Radeon RX 580,Windows,3.74,11.442360501250736,1,0,0,1,1920,1080,127.33567457123111,Intel Core i7
MSI,Gaming,17.3,16,Nvidia GeForce GTX 1070,Windows,2.9,11.765015592318807,1,512,0,0,1920,1080,127.33567457123111,Intel Core i7
Samsung,Ultrabook,13.3,8,Intel HD Graphics 620,Windows,0.81,11.288114524334732,0,256,0,0,1920,1080,165.6321180513006,Intel Core i5
Dell,Notebook,15.6,8,Nvidia GeForce GT 940MX,Windows,1.98,10.843535435202426,1,0,0,0,1920,1080,141.21199808219862,Intel Core i7
Dell,Notebook,15.6,8,AMD Radeon R5 M420,Windows,2.18,10.647353436437802,0,256,0,0,1920,1080,141.21199808219862,Intel Core i5
Lenovo,Ultrabook,14.0,8,Intel HD Graphics 620,Windows,1.32,11.503355013953577,0,256,0,0,1920,1080,157.3505121487356,Intel Core i7
Razer,Ultrabook,12.5,16,Intel HD Graphics 620,Windows,1.29,11.470547260182666,0,512,1,1,3840,2160,352.4651472131677,Intel Core i7
HP,Netbook,11.6,4,Intel HD Graphics 400,Others/No OS/Linux,1.23,9.928804360519917,0,16,0,0,1366,768,135.0942111925629,Other Intel Processor
Dell,Gaming,17.3,16,Nvidia GeForce GTX 1060,Windows,4.36,11.801613023751163,1,128,0,1,1920,1080,127.33567457123111,Intel Core i7
Dell,Notebook,14.0,4,Intel HD Graphics 520,Windows,1.76,10.602278775481158,500,0,0,0,1366,768,111.93520355955211,Intel Core i5
Lenovo,Notebook,15.6,4,Intel HD Graphics 520,Windows,2.1,10.169762314876662,500,0,0,0,1366,768,100.45466986113651,Intel Core i3
Toshiba,Ultrabook,14.0,4,Intel HD Graphics 620,Windows,1.25,10.969494001455322,0,128,0,0,1366,768,111.93520355955211,Intel Core i5
Lenovo,Ultrabook,14.0,8,Intel HD Graphics 620,Windows,1.13,11.799206957067087,0,512,0,1,1920,1080,157.3505121487356,Intel Core i7
MSI,Gaming,15.6,8,Nvidia GeForce GTX 1050,Windows,2.4,11.064804181259648,0,256,0,0,1920,1080,141.21199808219862,Intel Core i5
Lenovo,Ultrabook,14.0,8,Intel HD Graphics 620,Windows,1.13,11.511924964636645,0,256,0,1,1920,1080,157.3505121487356,Intel Core i5
Toshiba,Notebook,14.0,4,Intel HD Graphics 510,Windows,1.75,10.188167121983652,0,128,0,0,1366,768,111.93520355955211,Other Intel Processor
Asus,2 in 1 Convertible,13.3,8,Intel HD Graphics 620,Windows,1.1,11.189329334350775,0,256,1,0,1920,1080,165.6321180513006,Intel Core i5
Dell,Notebook,14.0,4,Intel HD Graphics 520,Windows,1.76,10.34717287346399,500,0,0,0,1366,768,111.93520355955211,Intel Core i3
Acer,Netbook,11.6,4,Intel HD Graphics 400,Others/No OS/Linux,1.35,9.84767881570755,0,32,0,1,1366,768,135.0942111925629,Other Intel Processor
Acer,Notebook,14.0,8,Intel HD Graphics 620,Windows,1.5,10.403666298916729,0,128,0,1,1920,1080,157.3505121487356,Intel Core i3
Razer,Gaming,17.3,32,Nvidia GeForce GTX 1080,Windows,3.49,12.587882562739948,0,512,1,0,3840,2160,254.67134914246222,Intel Core i7
Lenovo,Ultrabook,14.0,16,Intel HD Graphics 520,Windows,1.1,11.624777346052767,0,512,0,1,2560,1440,209.8006828649808,Intel Core i7
Asus,Notebook,15.6,4,Nvidia GeForce 920,Others/No OS/Linux,2.1,10.227464909398023,1,0,0,0,1920,1080,141.21199808219862,Intel Core i5
Lenovo,Notebook,14.0,8,Intel HD Graphics 520,Windows,1.7,11.053902605789805,0,256,0,0,1920,1080,157.3505121487356,Intel Core i5
Lenovo,Notebook,14.0,8,Intel HD Graphics 620,Windows,1.32,11.38409159312676,0,256,0,1,1920,1080,157.3505121487356,Intel Core i5
Dell,Gaming,15.6,16,Nvidia GeForce GTX 1070,Windows,3.21,11.903833710189657,1,256,0,0,1920,1080,141.21199808219862,Intel Core i7
Asus,Gaming,17.3,16,Nvidia GeForce GTX 1070,Windows,2.9,11.766670536842161,1,256,0,0,1920,1080,127.33567457123111,Intel Core i7
Toshiba,Notebook,15.6,4,Intel HD Graphics 620,Windows,2.0,10.481345086360362,500,0,0,0,1366,768,100.45466986113651,Intel Core i3
Lenovo,Notebook,14.0,4,Intel HD Graphics 400,Others/No OS/Linux,1.5,9.759386208561871,0,16,0,0,1366,768,111.93520355955211,Other Intel Processor
Asus,Notebook,15.6,8,Intel HD Graphics 620,Windows,2.3,10.3556835631319,128,0,0,0,1920,1080,141.21199808219862,Intel Core i5
Asus,Gaming,17.3,16,Nvidia GeForce GTX 1060,Windows,2.73,11.470547260182666,1,512,0,0,1920,1080,127.33567457123111,Intel Core i7
Dell,Gaming,17.3,32,Nvidia GeForce GTX 1070,Windows,4.42,12.005934792082499,1,512,0,1,1920,1080,127.33567457123111,Intel Core i7
HP,Notebook,17.3,8,Nvidia GeForce 930MX,Windows,2.63,10.78900562574303,1,0,0,0,1600,900,106.11306214269258,Intel Core i5
Dell,Notebook,15.6,8,Intel HD Graphics 620,Windows,2.18,10.546429982871398,0,128,0,0,1366,768,100.45466986113651,Intel Core i5
HP,Ultrabook,14.0,8,Intel HD Graphics 520,Windows,1.54,11.509254736080766,0,512,0,0,1920,1080,157.3505121487356,Intel Core i7
Dell,Notebook,15.6,4,AMD Radeon R5 M420,Windows,2.18,10.580858947180335,0,256,0,0,1920,1080,141.21199808219862,Intel Core i7
HP,2 in 1 Convertible,11.6,4,Intel HD Graphics 500,Others/No OS/Linux,1.4,10.397183294038651,0,32,1,0,1366,768,135.0942111925629,Other Intel Processor
Asus,Ultrabook,13.3,8,Nvidia GeForce 940M,Windows,1.45,10.908984051962848,0,512,0,1,1920,1080,165.6321180513006,Intel Core i5
HP,2 in 1 Convertible,13.3,8,Intel HD Graphics 620,Windows,1.28,11.706175092295874,0,256,1,0,1920,1080,165.6321180513006,Intel Core i5
HP,Ultrabook,14.0,8,Intel HD Graphics 520,Windows,1.54,11.267217235406594,0,512,0,0,1920,1080,157.3505121487356,Intel Core i7
HP,Notebook,15.6,4,Intel HD Graphics 400,Others/No OS/Linux,1.86,9.67600459962282,0,128,0,0,1366,768,100.45466986113651,Other Intel Processor
Asus,Gaming,15.6,16,Nvidia GeForce GTX 1060,Windows,2.1,11.52464373704442,1,128,0,0,1920,1080,141.21199808219862,Intel Core i7
Dell,Notebook,17.3,8,AMD Radeon R7 M445,Others/No OS/Linux,2.83,10.738290533164013,1,0,0,0,1920,1080,127.33567457123111,Intel Core i7
Lenovo,Ultrabook,14.0,8,Nvidia GeForce GT 940MX,Windows,1.96,11.526747893528283,0,256,0,1,1920,1080,157.3505121487356,Intel Core i7
Asus,Notebook,15.6,8,Nvidia GeForce GTX 930MX,Windows,2.3,10.643789274649537,0,256,0,1,1920,1080,141.21199808219862,Intel Core i7
Dell,Notebook,15.6,8,Intel HD Graphics 620,Windows,1.9,10.826745953725876,0,128,0,0,1920,1080,141.21199808219862,Intel Core i5
Asus,Notebook,15.6,4,Intel HD Graphics 505,Windows,2.0,10.082583913974387,1,0,0,0,1366,768,100.45466986113651,Other Intel Processor
HP,2 in 1 Convertible,13.3,8,Intel HD Graphics 620,Windows,1.28,11.822932862391923,0,256,1,0,1920,1080,165.6321180513006,Intel Core i7
Dell,Notebook,13.3,8,Intel HD Graphics 520,Windows,1.62,10.450993742936223,1,0,1,0,1920,1080,165.6321180513006,Intel Core i5
Lenovo,Notebook,15.6,4,Intel HD Graphics 520,Others/No OS/Linux,2.2,10.126163794678414,1,0,0,0,1920,1080,141.21199808219862,Intel Core i3
Lenovo,Notebook,15.6,8,Intel HD Graphics 620,Windows,2.3,10.7215735450074,1,0,0,1,1920,1080,141.21199808219862,Intel Core i5
HP,Notebook,15.6,8,AMD Radeon R7 M465,Windows,1.84,11.18267988243989,0,256,0,0,1920,1080,141.21199808219862,Intel Core i5
Toshiba,Notebook,13.3,4,Intel HD Graphics 620,Windows,1.05,11.134075023561454,0,128,0,0,1920,1080,165.6321180513006,Intel Core i5
Lenovo,Gaming,15.6,8,Nvidia GeForce GTX 1050,Others/No OS/Linux,2.5,10.900173422280695,1,0,0,1,1920,1080,141.21199808219862,Intel Core i5
Dell,Ultrabook,13.3,16,Intel Iris Plus Graphics 640,Windows,1.29,11.68979217108122,0,512,1,0,3200,1800,276.053530085501,Intel Core i7
HP,Notebook,15.6,4,Intel HD Graphics 520,Windows,2.07,10.78900562574303,500,0,0,0,1920,1080,141.21199808219862,Intel Core i5
Toshiba,Ultrabook,13.3,8,Intel HD Graphics 520,Windows,1.2,10.974070668482735,0,256,0,0,1366,768,117.82653006268643,Intel Core i5
Lenovo,2 in 1 Convertible,13.3,8,Intel HD Graphics 620,Windows,1.37,11.551145677789926,0,256,1,1,1920,1080,165.6321180513006,Intel Core i7
Acer,Notebook,14.0,8,Intel HD Graphics 620,Windows,1.56,10.780175546294757,0,256,0,1,1920,1080,157.3505121487356,Intel Core i5
Dell,Workstation,15.6,8,Nvidia Quadro M620,Windows,2.23,11.458805442305984,1,0,0,0,1920,1080,141.21199808219862,Intel Core i7
Lenovo,Notebook,15.6,4,Intel HD Graphics 620,Windows,2.38,10.9368570721423,500,0,0,0,1366,768,100.45466986113651,Intel Core i5
Lenovo,Notebook,15.6,4,AMD Radeon R5 M430,Others/No OS/Linux,2.2,10.147261623643049,1,0,0,0,1920,1080,141.21199808219862,Intel Core i3
Toshiba,Notebook,15.6,8,Intel HD Graphics 620,Windows,2.0,11.211180167298883,0,256,0,1,1920,1080,141.21199808219862,Intel Core i7
Lenovo,Notebook,13.3,4,Intel HD Graphics 620,Windows,1.44,10.575431525444971,0,180,0,1,1920,1080,165.6321180513006,Intel Core i3
Samsung,Ultrabook,15.0,16,Nvidia GeForce 940MX,Windows,1.23,11.49796125761926,0,256,0,0,1920,1080,146.86047800548656,Intel Core i7
Dell,Ultrabook,12.5,8,Intel HD Graphics 620,Windows,1.6,11.408044834149253,0,256,0,0,1920,1080,176.23257360658386,Intel Core i7
Asus,Notebook,15.6,4,Intel HD Graphics 505,Others/No OS/Linux,2.0,9.964497380151283,1,0,0,0,1366,768,100.45466986113651,Other Intel Processor
Xiaomi,Ultrabook,13.3,8,Nvidia GeForce 940MX,Windows,1.28,10.816107555520821,0,256,0,1,1920,1080,165.6321180513006,Intel Core i5
Dell,Notebook,15.6,4,Nvidia GeForce 940MX,Windows,2.18,10.79174911168878,1,128,0,0,1920,1080,141.21199808219862,Intel Core i5
HP,Notebook,15.6,4,Intel HD Graphics 620,Windows,2.04,10.70777173269934,0,256,0,0,1920,1080,141.21199808219862,Intel Core i5
HP,2 in 1 Convertible,13.3,4,Intel HD Graphics 620,Windows,1.28,11.41394455627644,0,256,1,0,1920,1080,165.6321180513006,Intel Core i5
HP,2 in 1 Convertible,15.6,4,Intel HD Graphics 620,Windows,2.3,10.504687851059666,500,0,1,0,1366,768,100.45466986113651,Intel Core i5
Asus,Notebook,14.1,4,Intel HD Graphics 500,Windows,1.65,9.827763506006608,0,32,0,0,1366,768,111.1413368676404,Other Intel Processor
Lenovo,Notebook,15.6,8,Nvidia GeForce 940MX,Windows,2.2,10.481345086360362,1,0,0,1,1920,1080,141.21199808219862,Intel Core i7
Dell,Notebook,15.6,4,Intel HD Graphics,Windows,2.2,9.88635767027266,500,0,0,0,1366,768,100.45466986113651,Other Intel Processor
HP,2 in 1 Convertible,13.3,4,Intel HD Graphics 620,Windows,1.28,11.470547260182666,0,256,1,0,1920,1080,165.6321180513006,Intel Core i5
Dell,Notebook,15.6,4,AMD Radeon R5 M420X,Others/No OS/Linux,2.18,10.09739572450197,1,0,0,0,1366,768,100.45466986113651,Intel Core i3
Asus,Gaming,17.3,12,Nvidia GeForce GTX 1050,Windows,2.2,11.198054049689478,1,128,0,0,1920,1080,127.33567457123111,Intel Core i5
Acer,Netbook,11.6,4,Intel HD Graphics 400,Others/No OS/Linux,1.25,9.669293165034833,0,32,0,1,1366,768,135.0942111925629,Other Intel Processor
Lenovo,Notebook,17.3,4,AMD Radeon R3,Windows,2.8,9.913097231314559,500,0,0,0,1600,900,106.11306214269258,AMD Processor
HP,Notebook,14.0,4,Intel HD Graphics 620,Windows,1.95,11.118388427393754,0,128,0,0,1920,1080,157.3505121487356,Intel Core i5
HP,2 in 1 Convertible,13.3,16,Intel HD Graphics 620,Windows,1.42,11.219074000897615,0,256,1,0,3200,1800,276.053530085501,Intel Core i7
Samsung,Ultrabook,15.0,8,Intel HD Graphics 620,Windows,1.17,11.413356147904066,0,256,0,0,1920,1080,146.86047800548656,Intel Core i7
Lenovo,Ultrabook,14.0,8,Intel HD Graphics 620,Windows,1.32,11.470547260182666,0,256,0,1,1920,1080,157.3505121487356,Intel Core i5
MSI,Gaming,17.3,16,Nvidia GeForce GTX 1060,Windows,2.43,11.857498515504203,2,512,0,1,3840,2160,254.67134914246222,Intel Core i7
Toshiba,Notebook,13.3,8,Intel HD Graphics 620,Windows,1.05,11.271974295006054,0,256,0,0,1920,1080,165.6321180513006,Intel Core i5
Dell,Gaming,15.6,8,Nvidia GeForce GTX 1050Ti,Others/No OS/Linux,2.62,10.809669765045973,1,0,0,0,1920,1080,141.21199808219862,Intel Core i7
HP,Notebook,15.6,8,Nvidia GeForce 930MX,Windows,2.04,10.777955789556444,1,0,0,0,1920,1080,141.21199808219862,Intel Core i7
Dell,Notebook,15.6,4,AMD Radeon R5 M420X,Windows,2.18,10.395555954379276,1,0,0,0,1366,768,100.45466986113651,Intel Core i3
Dell,Notebook,15.6,8,Intel HD Graphics 620,Windows,1.9,10.816107555520821,500,0,0,0,1920,1080,141.21199808219862,Intel Core i5
Dell,2 in 1 Convertible,13.3,8,Intel HD Graphics 615,Windows,1.24,11.582992127736917,0,512,1,0,3200,1800,276.053530085501,Intel Core i7
Asus,Gaming,17.3,32,Nvidia GeForce GTX 980M,Windows,3.58,11.129394827810977,0,512,0,1,1920,1080,127.33567457123111,Intel Core i7
Dell,2 in 1 Convertible,13.3,16,Intel HD Graphics 615,Windows,1.22,11.383485348791732,0,256,1,0,1920,1080,165.6321180513006,Intel Core i7
Lenovo,Ultrabook,14.0,8,Intel HD Graphics 620,Windows,1.13,11.600668174471034,0,256,0,1,1920,1080,157.3505121487356,Intel Core i7
Lenovo,Notebook,15.6,8,Intel HD Graphics 620,Windows,1.95,11.557785126252114,0,512,0,1,1920,1080,141.21199808219862,Intel Core i5
LG,Ultrabook,15.6,16,Intel HD Graphics 620,Windows,1.08,11.624777346052767,0,512,1,1,1920,1080,141.21199808219862,Intel Core i7
HP,Netbook,12.5,8,Intel HD Graphics 620,Windows,1.26,11.277383368370065,0,512,0,0,1920,1080,176.23257360658386,Intel Core i7
Acer,Notebook,15.6,4,Intel HD Graphics,Others/No OS/Linux,2.2,9.858883414720413,0,16,0,1,1920,1080,141.21199808219862,Other Intel Processor
Lenovo,Notebook,15.6,8,Nvidia GeForce GTX 960M,Windows,2.6,10.646327347078008,1,128,0,1,1920,1080,141.21199808219862,Intel Core i5
LG,Ultrabook,14.0,8,Intel HD Graphics 620,Windows,0.98,11.52464373704442,0,512,1,1,1920,1080,157.3505121487356,Intel Core i7
Dell,Notebook,14.0,8,Intel HD Graphics 620,Windows,1.6,11.06979587215689,0,256,0,0,1920,1080,157.3505121487356,Intel Core i5
HP,Ultrabook,12.5,8,Intel HD Graphics 515,Windows,1.09,12.01471841670537,0,240,1,0,3840,2160,352.4651472131677,Other Intel Processor
Lenovo,Notebook,15.6,6,Nvidia GeForce 940MX,Windows,2.2,10.646327347078008,0,256,0,0,1920,1080,141.21199808219862,Intel Core i7
HP,Notebook,15.6,8,Nvidia GeForce 930MX,Windows,2.04,10.902128245864017,0,256,0,0,1920,1080,141.21199808219862,Intel Core i7
Acer,Notebook,15.6,4,Intel HD Graphics 620,Windows,2.4,10.188167121983652,1,0,0,0,1920,1080,141.21199808219862,Intel Core i3
Lenovo,Notebook,13.3,4,Intel HD Graphics 620,Windows,1.44,10.756618652168314,0,128,0,0,1920,1080,165.6321180513006,Intel Core i5
HP,Notebook,13.3,8,Intel HD Graphics 620,Windows,1.49,10.842494310694015,0,256,0,0,1920,1080,165.6321180513006,Intel Core i5
MSI,Gaming,17.3,16,Nvidia GeForce GTX 1050 Ti,Windows,2.7,11.352694739066088,1,256,0,0,1920,1080,127.33567457123111,Intel Core i7
Dell,Gaming,15.6,16,Nvidia GeForce GTX 1050 Ti,Windows,2.6,11.18267988243989,1,128,0,0,1920,1080,141.21199808219862,Intel Core i7
MSI,Gaming,15.6,8,Nvidia GeForce GTX 1050,Windows,2.2,10.996564630149608,1,128,0,0,1920,1080,141.21199808219862,Intel Core i5
Dell,Notebook,15.6,4,AMD Radeon R5 M420,Windows,2.18,10.504965265847654,1,0,0,0,1366,768,100.45466986113651,Intel Core i5
HP,Ultrabook,15.6,8,AMD Radeon R7 M365X,Windows,1.84,11.143362500418624,0,256,0,0,1920,1080,141.21199808219862,Intel Core i7
HP,Ultrabook,13.3,8,Intel HD Graphics 620,Windows,1.39,11.02220830408089,0,256,1,0,3200,1800,276.053530085501,Intel Core i7
Toshiba,Notebook,15.6,16,Nvidia GeForce 930M,Windows,2.4,11.563884703567355,0,256,0,1,1920,1080,141.21199808219862,Intel Core i7
Lenovo,2 in 1 Convertible,13.3,8,Intel HD Graphics 620,Windows,1.37,11.484896292248726,0,512,1,1,1920,1080,165.6321180513006,Intel Core i5
Dell,Notebook,15.6,4,Intel HD Graphics 520,Windows,1.95,10.56846856468972,500,0,0,0,1366,768,100.45466986113651,Intel Core i5
Lenovo,Ultrabook,12.5,8,Intel HD Graphics 620,Windows,1.36,11.38409159312676,0,256,0,1,1920,1080,176.23257360658386,Intel Core i7
HP,Notebook,15.6,8,Intel HD Graphics 520,Windows,2.31,11.036037392231934,0,256,0,0,1920,1080,141.21199808219862,Intel Core i5
Dell,Notebook,15.6,4,Intel HD Graphics 620,Windows,2.18,10.538089862097847,1,0,0,0,1366,768,100.45466986113651,Intel Core i5
HP,Notebook,14.0,4,Intel HD Graphics 520,Windows,1.95,11.02220830408089,500,0,0,0,1366,768,111.93520355955211,Intel Core i5
Lenovo,Notebook,15.6,4,Intel HD Graphics 505,Windows,2.2,9.708902303129879,1,0,0,0,1366,768,100.45466986113651,Other Intel Processor
HP,Ultrabook,12.5,4,Intel HD Graphics 520,Windows,1.26,11.340108040487776,500,0,0,0,1920,1080,176.23257360658386,Intel Core i5
HP,Notebook,15.6,4,Intel HD Graphics 400,Others/No OS/Linux,1.86,9.641641633704323,1,0,0,0,1366,768,100.45466986113651,Other Intel Processor
Lenovo,2 in 1 Convertible,13.3,16,Intel Iris Graphics 540,Windows,1.3,11.470547260182666,0,1,1,1,3200,1800,276.053530085501,Intel Core i7
Toshiba,Notebook,14.0,4,Intel HD Graphics 520,Windows,1.47,10.983161640183987,0,128,0,1,1920,1080,157.3505121487356,Intel Core i5
HP,Netbook,12.5,8,Intel HD Graphics 520,Windows,1.26,11.395540949893968,0,256,0,0,1920,1080,176.23257360658386,Intel Core i5
Dell,Notebook,15.6,4,Intel HD Graphics 520,Windows,2.18,10.30099467974321,1,0,0,0,1366,768,100.45466986113651,Intel Core i3
MSI,Gaming,15.6,8,Nvidia GeForce GTX 1050,Windows,2.2,11.064804181259648,1,128,0,0,1920,1080,141.21199808219862,Intel Core i7
Dell,Ultrabook,14.0,8,Intel HD Graphics 620,Windows,1.36,11.377402604975963,0,256,0,0,1920,1080,157.3505121487356,Intel Core i5
Dell,Gaming,17.3,16,Nvidia GeForce GTX 1080,Windows,4.36,11.89782208458538,1,512,0,0,2560,1440,169.78089942830815,Intel Core i7
HP,Gaming,17.3,8,Nvidia GeForce GTX 965M,Windows,2.75,11.219074000897615,1,128,0,1,1920,1080,127.33567457123111,Intel Core i5
Asus,Notebook,17.3,4,Nvidia GeForce 920MX,Windows,2.8,10.248438032778301,1,0,0,0,1600,900,106.11306214269258,Other Intel Processor
Acer,Notebook,15.6,4,Intel HD Graphics 620,Windows,2.23,10.403666298916729,500,0,0,0,1366,768,100.45466986113651,Intel Core i5
Toshiba,Notebook,15.6,8,Intel HD Graphics 520,Windows,2.2,10.99575173454406,0,256,0,0,1366,768,100.45466986113651,Intel Core i5
Lenovo,2 in 1 Convertible,11.3,8,Intel HD Graphics 515,Windows,1.1,11.144911042902732,0,256,1,1,1920,1080,194.94753717542463,Other Intel Processor
Lenovo,Gaming,15.6,16,AMD Radeon R9 M385,Windows,2.5,10.882315804880687,1,512,0,1,1920,1080,141.21199808219862,AMD Processor
Dell,Ultrabook,12.5,8,Intel HD Graphics,Windows,1.36,11.270074185856739,0,256,1,0,1920,1080,176.23257360658386,Intel Core i5
Lenovo,Notebook,15.6,8,Nvidia GeForce 920MX,Others/No OS/Linux,2.2,10.50497986449436,1,0,0,0,1920,1080,141.21199808219862,Intel Core i7
Dell,Notebook,17.3,4,AMD Radeon R7 M445,Windows,2.36,10.46628456073464,1,0,0,0,1600,900,106.11306214269258,Intel Core i3
Acer,Notebook,14.0,4,Intel HD Graphics 400,Others/No OS/Linux,1.68,9.83063294843456,0,32,0,0,1366,768,111.93520355955211,Other Intel Processor
HP,Workstation,15.6,8,Nvidia Quadro M1000M,Windows,2.0,11.69380197819145,0,8,0,1,1920,1080,141.21199808219862,Intel Core i7
Dell,Ultrabook,14.0,8,Intel HD Graphics 620,Windows,1.36,11.45711672814165,0,256,0,0,1920,1080,157.3505121487356,Intel Core i7
Toshiba,Notebook,13.3,8,Intel HD Graphics 520,Windows,1.2,11.261752740934515,0,256,0,0,1920,1080,165.6321180513006,Intel Core i5
Asus,2 in 1 Convertible,12.5,8,Intel HD Graphics 515,Others/No OS/Linux,1.2,11.030873869571886,0,64,0,0,1920,1080,176.23257360658386,Other Intel Processor
Lenovo,Ultrabook,14.0,8,Intel HD Graphics 520,Windows,1.7,11.281414342976868,0,256,0,1,1920,1080,157.3505121487356,Intel Core i7
Dell,Gaming,17.3,16,Nvidia GeForce GTX 1070,Windows,4.36,12.031987793755118,1,512,0,1,3840,2160,254.67134914246222,Intel Core i7
Dell,2 in 1 Convertible,13.3,8,Intel HD Graphics 615,Windows,1.24,11.52464373704442,0,256,1,0,1920,1080,165.6321180513006,Intel Core i5
HP,2 in 1 Convertible,11.6,4,Intel HD Graphics 505,Windows,1.45,10.62842405558548,0,256,1,0,1366,768,135.0942111925629,Other Intel Processor
Dell,Ultrabook,13.3,8,Intel HD Graphics 520,Windows,1.3,11.120757161229305,0,256,0,0,3200,1800,276.053530085501,Intel Core i7
Acer,2 in 1 Convertible,11.6,4,Intel HD Graphics 400,Others/No OS/Linux,1.25,9.93914036985058,0,32,1,1,1366,768,135.0942111925629,Other Intel Processor
Toshiba,Notebook,13.3,8,Intel HD Graphics 520,Windows,1.2,11.311846686253432,0,256,0,0,1920,1080,165.6321180513006,Intel Core i5
Lenovo,Ultrabook,12.5,8,Intel HD Graphics 620,Windows,1.36,11.448630114264331,0,256,0,1,1920,1080,176.23257360658386,Intel Core i5
Acer,Notebook,15.6,12,Nvidia GeForce GTX 950M,Windows,2.4,10.892276046585742,1,128,0,0,1920,1080,141.21199808219862,Intel Core i5
Toshiba,Ultrabook,12.5,8,Intel HD Graphics 620,Windows,1.1,11.465531925066934,0,512,1,0,1920,1080,176.23257360658386,Intel Core i7
HP,Notebook,15.6,8,Nvidia GeForce 930MX,Windows,2.04,10.716671227805323,1,0,0,0,1366,768,100.45466986113651,Intel Core i5
Dell,Notebook,15.6,4,AMD Radeon R5 M430,Others/No OS/Linux,2.25,10.118930877053268,1,0,0,0,1366,768,100.45466986113651,Intel Core i3
Dell,Notebook,15.6,4,Intel HD Graphics 620,Windows,1.9,10.690944412566814,500,0,0,0,1366,768,100.45466986113651,Intel Core i5
HP,Notebook,15.6,4,Intel HD Graphics 620,Windows,2.04,10.50497986449436,500,0,0,0,1920,1080,141.21199808219862,Intel Core i3
Dell,Gaming,17.3,32,Nvidia GeForce GTX 1070,Windows,4.42,12.030401247333158,1,256,0,1,1920,1080,127.33567457123111,Intel Core i7
Lenovo,Notebook,15.6,6,Nvidia GeForce 920MX,Windows,2.4,10.519472871796927,0,256,0,0,1920,1080,141.21199808219862,Intel Core i5
Dell,2 in 1 Convertible,13.3,16,Intel HD Graphics 615,Windows,1.22,11.52464373704442,0,512,1,0,3200,1800,276.053530085501,Intel Core i7
Dell,Ultrabook,14.0,8,Intel HD Graphics 520,Windows,1.5,11.557780031969681,0,256,1,0,2560,1440,209.8006828649808,Intel Core i7
Dell,Gaming,17.3,32,Nvidia GeForce GTX 1070,Windows,4.42,11.91293572239543,1,256,0,0,1920,1080,127.33567457123111,Intel Core i7
Toshiba,Notebook,14.0,8,Intel HD Graphics 520,Windows,1.95,11.048830743691845,0,256,0,0,1920,1080,157.3505121487356,Intel Core i5
Asus,Gaming,17.3,16,Nvidia GeForce GTX 1060,Windows,2.73,11.601107316686976,1,256,0,0,1920,1080,127.33567457123111,Intel Core i7
HP,Notebook,15.6,8,Nvidia GeForce 930MX,Windows,2.04,10.862092668762644,1,128,0,1,1920,1080,141.21199808219862,Intel Core i5
Lenovo,Notebook,14.0,4,Intel HD Graphics 520,Windows,1.7,10.885314307876945,0,0,0,0,1366,768,111.93520355955211,Intel Core i5
Asus,2 in 1 Convertible,15.6,16,Nvidia GeForce GTX 950M,Windows,2.3,11.470547260182666,2,512,1,0,3840,2160,282.42399616439724,Intel Core i7
HP,Notebook,15.6,6,Intel HD Graphics 620,Windows,2.04,10.336863503805128,1,0,0,0,1366,768,100.45466986113651,Intel Core i7
Asus,Gaming,17.3,16,Nvidia GeForce GTX 1050 Ti,Windows,2.99,11.442360501250736,1,256,0,0,1920,1080,127.33567457123111,Intel Core i7
Dell,2 in 1 Convertible,15.6,12,Intel HD Graphics 620,Windows,2.19,11.144911042902732,0,512,1,1,1920,1080,141.21199808219862,Intel Core i7
Toshiba,Notebook,13.3,4,Intel HD Graphics 520,Windows,1.2,11.061462490597744,0,128,0,0,1920,1080,165.6321180513006,Intel Core i5
Lenovo,Notebook,15.6,6,AMD Radeon 530,Windows,2.2,10.283659467741664,0,256,0,0,1920,1080,141.21199808219862,AMD Processor
Fujitsu,Notebook,15.6,4,Intel HD Graphics 520,Windows,2.3,10.450993742936223,0,256,0,0,1366,768,100.45466986113651,Intel Core i5
Toshiba,Notebook,14.0,4,Intel HD Graphics 520,Windows,1.75,10.794485091507655,500,0,0,0,1366,768,111.93520355955211,Intel Core i5
Dell,Notebook,15.6,4,AMD Radeon R5 M430,Windows,2.25,10.370822624347584,500,0,0,0,1366,768,100.45466986113651,Intel Core i5
HP,Notebook,15.6,8,Intel HD Graphics 620,Windows,2.04,10.667644768738763,1,0,0,0,1920,1080,141.21199808219862,Intel Core i5
Lenovo,Gaming,15.6,8,Nvidia GeForce GTX 1060,Windows,2.5,11.056428922922915,1,128,0,1,1920,1080,141.21199808219862,Intel Core i7
Dell,Notebook,15.6,8,AMD Radeon R7 M445,Windows,2.36,10.594300009749354,1,0,0,0,1366,768,100.45466986113651,Intel Core i7
Dell,Notebook,14.0,8,Intel HD Graphics 620 ,Windows,1.6,10.99575173454406,0,128,0,0,1920,1080,157.3505121487356,Intel Core i5
HP,Netbook,12.5,8,Intel HD Graphics 515,Windows,0.97,11.529371878240365,0,512,0,0,1920,1080,176.23257360658386,Other Intel Processor
HP,Notebook,15.6,4,AMD Radeon 520,Windows,2.1,10.188167121983652,1,128,0,0,1920,1080,141.21199808219862,Intel Core i3
Lenovo,Notebook,15.6,4,Intel HD Graphics 500,Others/No OS/Linux,1.9,9.576276649067632,0,128,0,0,1366,768,100.45466986113651,Other Intel Processor
Lenovo,Notebook,15.6,8,Intel HD Graphics 520,Windows,2.3,11.18267988243989,0,256,0,0,1920,1080,141.21199808219862,Intel Core i5
Dell,2 in 1 Convertible,13.3,8,Intel HD Graphics 620,Windows,1.68,10.765658261746038,0,256,1,0,1920,1080,165.6321180513006,Intel Core i5
Asus,Notebook,13.3,8,Intel HD Graphics 620,Windows,1.4,11.02307824758943,0,256,0,0,3200,1800,276.053530085501,Intel Core i5
HP,Ultrabook,13.3,8,Intel HD Graphics 620,Windows,1.11,11.18267988243989,0,256,1,1,1920,1080,165.6321180513006,Intel Core i7
Acer,Notebook,15.6,4,Intel HD Graphics 505,Windows,2.4,9.915732278952564,500,0,0,0,1366,768,100.45466986113651,Other Intel Processor
Asus,Gaming,15.6,16,Nvidia GeForce GTX 1050 Ti,Windows,2.5,11.470547260182666,1,256,0,0,1920,1080,141.21199808219862,Intel Core i7
HP,Ultrabook,14.0,8,Intel HD Graphics 620,Windows,1.48,11.6200017877887,0,512,0,0,1920,1080,157.3505121487356,Intel Core i7
Acer,Gaming,15.6,8,Nvidia GeForce GTX 1050,Windows,2.7,11.114428026177658,1,128,0,1,1920,1080,141.21199808219862,Intel Core i7
HP,Notebook,13.3,8,Intel HD Graphics 620,Windows,1.34,11.056428922922915,0,256,0,1,1920,1080,165.6321180513006,Intel Core i5
Dell,Notebook,15.6,4,Intel HD Graphics 620,Windows,2.18,10.280009828654116,0,128,0,0,1366,768,100.45466986113651,Intel Core i3
HP,Notebook,14.0,4,Intel HD Graphics 620,Windows,1.64,10.633572072102883,500,0,0,0,1366,768,111.93520355955211,Intel Core i5
Toshiba,Notebook,13.3,4,Intel HD Graphics 520,Windows,1.2,11.061462490597744,0,128,0,0,1920,1080,165.6321180513006,Intel Core i5
HP,Notebook,14.0,4,Intel HD Graphics 520,Windows,1.48,10.978617394068182,0,256,0,0,1366,768,111.93520355955211,Intel Core i5
HP,Notebook,14.0,4,Intel HD Graphics 620,Windows,1.95,11.06979587215689,0,256,0,0,1920,1080,157.3505121487356,Intel Core i5
HP,Ultrabook,14.0,8,Intel HD Graphics 520,Windows,1.43,11.254189968552817,0,256,0,0,1920,1080,157.3505121487356,Intel Core i7
HP,Notebook,14.0,8,Nvidia GeForce 930MX,Windows,1.64,10.931401459017525,0,256,0,0,1920,1080,157.3505121487356,Intel Core i5
HP,Notebook,14.0,4,Intel HD Graphics 620,Windows,1.64,10.503518943854685,500,0,0,0,1366,768,111.93520355955211,Intel Core i3
Dell,Gaming,15.6,8,Nvidia GeForce GTX 1050,Windows,2.65,10.830969824842061,0,0,0,0,1920,1080,141.21199808219862,Intel Core i5
HP,Ultrabook,12.5,4,Intel HD Graphics 620,Windows,1.26,11.314449160071012,500,0,0,0,1920,1080,176.23257360658386,Intel Core i5
HP,Notebook,14.0,4,Intel HD Graphics 620,Windows,1.48,11.34705032144641,0,256,0,0,1920,1080,157.3505121487356,Intel Core i5
HP,Ultrabook,14.0,8,Intel HD Graphics 520,Windows,1.54,11.518415853167008,0,256,0,0,1920,1080,157.3505121487356,Intel Core i7
HP,Notebook,13.3,4,Intel HD Graphics 620,Windows,1.49,10.660172753900062,500,0,0,0,1366,768,117.82653006268643,Intel Core i3
Toshiba,Notebook,13.3,8,Intel HD Graphics 520,Windows,1.5,11.07393666482292,0,256,0,0,1366,768,117.82653006268643,Intel Core i5
HP,Notebook,15.6,4,Intel HD Graphics 620,Windows,2.04,10.621938553982543,0,256,0,0,1366,768,100.45466986113651,Intel Core i3
Lenovo,Notebook,17.3,16,Nvidia Quadro 3000M,Windows,2.4,11.971204630519404,0,512,0,1,3840,2160,254.67134914246222,Intel Core i7
Toshiba,Notebook,14.0,8,Intel HD Graphics 520,Windows,1.47,11.282092425171639,0,256,0,1,1920,1080,157.3505121487356,Intel Core i5
HP,Notebook,14.0,8,Intel HD Graphics 520,Windows,1.43,11.684869359618002,0,256,0,0,1920,1080,157.3505121487356,Intel Core i7
Dell,2 in 1 Convertible,15.6,4,Intel HD Graphics 520,Windows,2.08,10.655147649183533,1,0,1,1,1920,1080,141.21199808219862,Intel Core i3
Toshiba,Ultrabook,13.3,8,Intel HD Graphics 520,Windows,1.2,11.34705032144641,0,256,0,0,1920,1080,165.6321180513006,Intel Core i5
HP,Notebook,13.3,8,Intel HD Graphics 620,Windows,1.11,11.02220830408089,0,256,0,1,1920,1080,165.6321180513006,Intel Core i5
HP,Notebook,14.0,8,Nvidia GeForce 930MX,Windows,1.64,11.053421883178572,0,256,0,0,1920,1080,157.3505121487356,Intel Core i7
Dell,Notebook,15.6,8,Intel HD Graphics 520,Windows,2.09,10.928710232504155,500,0,0,0,1920,1080,141.21199808219862,Intel Core i5
HP,Ultrabook,12.5,4,Intel HD Graphics 620,Windows,1.26,11.32736089528991,0,256,0,0,1366,768,125.36742798669837,Intel Core i5
HP,Notebook,14.0,4,Intel HD Graphics 620,Windows,2.31,11.056428922922915,500,0,0,0,1366,768,111.93520355955211,Intel Core i5
HP,Notebook,14.0,4,Intel HD Graphics 620,Windows,1.95,10.941585213338247,500,0,0,0,1366,768,111.93520355955211,Intel Core i5
Dell,Ultrabook,13.3,8,Intel HD Graphics 620,Windows,1.29,11.368208546953756,0,256,1,0,3200,1800,276.053530085501,Intel Core i5
HP,Notebook,17.3,8,Nvidia GeForce 930MX,Windows,2.63,10.960277346350399,0,256,0,0,1920,1080,127.33567457123111,Intel Core i5
HP,Notebook,14.0,4,Intel HD Graphics 620,Windows,1.64,10.855945108418139,0,256,0,0,1366,768,111.93520355955211,Intel Core i5
Acer,Notebook,15.6,6,AMD Radeon R5,Windows,2.1,9.989276182274935,1,0,0,0,1366,768,100.45466986113651,AMD Processor
MSI,Gaming,17.3,8,Nvidia GeForce GTX 1050,Windows,2.7,11.058781074545012,1,128,0,0,1920,1080,127.33567457123111,Intel Core i7
HP,Notebook,14.0,8,Intel HD Graphics 520,Windows,1.95,11.061462490597744,0,256,0,0,1920,1080,157.3505121487356,Intel Core i5
HP,Notebook,15.6,8,Intel HD Graphics 520,Windows,1.84,11.089508999068563,0,256,0,0,1920,1080,141.21199808219862,Intel Core i7
HP,Ultrabook,12.5,8,Intel HD Graphics 520,Windows,1.26,11.18267988243989,0,256,0,0,1920,1080,176.23257360658386,Intel Core i7
HP,Notebook,15.6,4,Intel HD Graphics 620,Windows,2.04,10.584910269399515,500,0,0,0,1366,768,100.45466986113651,Intel Core i5
Toshiba,Ultrabook,14.0,8,Intel HD Graphics 520,Windows,1.47,11.428543355697593,0,256,0,1,1920,1080,157.3505121487356,Intel Core i7
Dell,Notebook,15.6,8,Intel HD Graphics 520,Windows,2.09,10.944364366779205,0,256,0,0,1920,1080,141.21199808219862,Intel Core i5
HP,Notebook,14.0,8,Intel HD Graphics 620,Windows,1.64,10.893771459117888,0,256,0,0,1920,1080,157.3505121487356,Intel Core i5
Lenovo,2 in 1 Convertible,15.6,4,Intel HD Graphics 520,Windows,1.8,10.717261720884188,0,256,1,1,1920,1080,141.21199808219862,Intel Core i7
Vero,Notebook,14.0,2,Intel HD Graphics 400,Windows,1.45,9.326470842899342,0,32,0,0,1366,768,111.93520355955211,Other Intel Processor
Toshiba,Notebook,15.6,16,Nvidia GeForce 930M,Windows,2.4,11.237488118934884,0,256,0,1,1920,1080,141.21199808219862,Intel Core i7
Lenovo,Notebook,15.6,8,Intel HD Graphics 520,Windows,2.3,10.931725444421959,0,256,0,0,1920,1080,141.21199808219862,Intel Core i5
HP,Notebook,14.0,4,Intel HD Graphics 520,Windows,1.54,10.88331630521427,500,0,0,0,1920,1080,157.3505121487356,Intel Core i5
HP,Notebook,15.6,8,Intel HD Graphics 520,Windows,1.84,11.626842862666367,500,256,0,0,1920,1080,141.21199808219862,Intel Core i5
HP,Notebook,14.0,8,Intel HD Graphics 520,Windows,1.43,11.26789820240601,0,256,0,0,1920,1080,157.3505121487356,Intel Core i5
MSI,Gaming,17.3,16,Nvidia GeForce GTX 980M,Windows,3.78,11.318754369272693,1,256,0,1,1920,1080,127.33567457123111,Intel Core i7
Lenovo,Gaming,17.3,16,Nvidia GeForce GTX 980M,Windows,4.6,11.711863755958657,1,128,0,1,1920,1080,127.33567457123111,Intel Core i7
Asus,Netbook,11.6,4,Intel HD Graphics 400,Others/No OS/Linux,1.2,9.638174223850264,0,16,0,0,1366,768,135.0942111925629,Other Intel Processor
Lenovo,Notebook,14.0,16,Intel HD Graphics 520,Windows,1.1,11.846490622987277,0,256,0,1,2560,1440,209.8006828649808,Intel Core i7
HP,Notebook,15.6,8,Nvidia GeForce 940MX,Windows,1.91,10.862092668762644,1,0,0,1,1920,1080,141.21199808219862,Intel Core i7
Dell,2 in 1 Convertible,15.6,8,Intel HD Graphics 620,Windows,2.3,10.97315700921406,0,256,1,1,1920,1080,141.21199808219862,Intel Core i5
HP,Notebook,15.6,4,Intel HD Graphics 620,Windows,2.04,10.862092668762644,0,256,0,0,1366,768,100.45466986113651,Intel Core i5
Dell,Ultrabook,13.3,16,Intel HD Graphics 620,Windows,1.2,11.696022720831856,0,1,1,0,3200,1800,276.053530085501,Intel Core i7
HP,Notebook,15.6,4,Intel HD Graphics 520,Windows,2.31,10.533971572370383,500,0,0,0,1366,768,100.45466986113651,Intel Core i3
HP,Notebook,15.6,4,Intel HD Graphics 620,Others/No OS/Linux,1.96,10.188167121983652,500,0,0,0,1366,768,100.45466986113651,Intel Core i5
Acer,Notebook,15.6,8,AMD Radeon R5,Windows,2.4,10.082583913974387,1,0,0,0,1366,768,100.45466986113651,AMD Processor
Dell,2 in 1 Convertible,13.3,12,Intel HD Graphics 620,Windows,1.6,11.144911042902732,0,256,1,1,1920,1080,165.6321180513006,Intel Core i7
MSI,Gaming,15.6,16,Nvidia GeForce GTX 1060,Windows,2.94,11.481603204750256,1,256,0,0,1920,1080,141.21199808219862,Intel Core i7
HP,Notebook,15.6,8,Intel HD Graphics 620,Windows,2.04,10.950974953688085,0,256,0,0,1920,1080,141.21199808219862,Intel Core i7
Asus,Gaming,17.3,16,Nvidia GeForce GTX 965M,Others/No OS/Linux,4.0,10.881314302543597,1,0,0,1,1920,1080,127.33567457123111,Intel Core i7
Dell,Notebook,15.6,4,Intel HD Graphics,Windows,2.25,10.301710499387234,1,0,0,0,1920,1080,141.21199808219862,Intel Core i5
Dell,Notebook,15.6,16,AMD Radeon R7 M445,Windows,2.32,10.873255868299653,2,0,0,0,1920,1080,141.21199808219862,Intel Core i7
MSI,Gaming,15.6,16,Nvidia GeForce GTX 1060,Windows,1.8,11.540318039137862,1,256,0,0,1920,1080,141.21199808219862,Intel Core i7
Dell,Ultrabook,13.3,8,Intel HD Graphics 620,Windows,1.29,11.260381938800737,0,256,0,0,1920,1080,165.6321180513006,Intel Core i7
Asus,Gaming,17.3,64,Nvidia GeForce GTX 980 ,Windows,3.58,12.263341053320566,0,1,0,1,1920,1080,127.33567457123111,Intel Core i7
Dell,2 in 1 Convertible,13.3,8,Intel HD Graphics 520,Windows,1.62,10.657682154931747,0,256,1,0,1920,1080,165.6321180513006,Intel Core i7
Dell,Gaming,15.6,16,Nvidia GeForce GTX 970M,Windows,3.21,11.167743084945378,1,256,0,0,3840,2160,282.42399616439724,Intel Core i7
Apple,Ultrabook,12.0,8,Intel HD Graphics 515,macOS,0.92,11.145680569681762,0,256,0,1,2304,1440,226.41554716935852,Other Intel Processor
Dell,Notebook,15.6,4,Intel HD Graphics 520,Windows,2.06,10.15346364564591,500,0,0,0,1366,768,100.45466986113651,Intel Core i3
HP,Notebook,15.6,4,Intel HD Graphics 520,Windows,2.31,11.064804181259648,500,0,0,0,1366,768,100.45466986113651,Intel Core i5
HP,Ultrabook,12.5,8,Intel HD Graphics 520,Windows,1.26,11.064804181259648,0,256,0,0,1920,1080,176.23257360658386,Intel Core i5
HP,Notebook,13.3,8,Intel HD Graphics 620,Windows,1.49,10.969494001455322,0,256,0,0,1920,1080,165.6321180513006,Intel Core i7
Lenovo,Ultrabook,12.5,8,Intel HD Graphics 520,Windows,1.3,11.421848531521597,0,256,1,1,1920,1080,176.23257360658386,Intel Core i7
Lenovo,Notebook,17.3,8,AMD Radeon R5 M330,Windows,3.0,10.46628456073464,10,0,0,0,1600,900,106.11306214269258,Intel Core i5
Lenovo,Notebook,15.6,4,Nvidia GeForce GTX 950M,Windows,2.3,10.860047678274917,1,0,0,1,1920,1080,141.21199808219862,Intel Core i5
MSI,Gaming,17.3,16,Nvidia GeForce GTX 1070,Windows,3.78,11.799206957067087,1,256,0,0,1920,1080,127.33567457123111,Intel Core i7
Lenovo,Notebook,15.6,4,Intel HD Graphics 520,Windows,2.1,10.267130165790453,500,0,0,0,1366,768,100.45466986113651,Intel Core i5
HP,Notebook,15.6,4,Intel HD Graphics 520,Windows,2.31,10.821440901496183,500,0,0,0,1920,1080,141.21199808219862,Intel Core i5
Lenovo,Ultrabook,12.5,8,Intel HD Graphics 515,Windows,0.99,11.219074000897615,0,512,1,1,2560,1440,234.9767648087785,Other Intel Processor
Lenovo,Gaming,17.3,32,Nvidia GeForce GTX 980M,Windows,4.6,12.05888963501851,0,512,0,1,1920,1080,127.33567457123111,Intel Core i7
Lenovo,2 in 1 Convertible,10.1,4,Intel HD Graphics 400,Windows,0.69,10.446778399351528,0,64,1,1,1920,1200,224.17380907857276,Other Intel Processor
HP,Ultrabook,13.3,16,Intel HD Graphics 620,Windows,1.3,11.600668174471034,0,512,0,1,3840,2160,331.2642361026012,Intel Core i7
Dell,Notebook,15.6,8,Intel HD Graphics 620,Windows,2.18,10.59563423276249,0,256,0,0,1920,1080,141.21199808219862,Intel Core i5
HP,Notebook,14.0,4,Intel HD Graphics 520,Windows,1.54,10.913835810881007,500,0,0,0,1920,1080,157.3505121487356,Intel Core i5
HP,Workstation,15.6,8,AMD FirePro W4190M,Windows,1.9,11.285442512056921,0,256,0,0,1920,1080,141.21199808219862,Intel Core i7
Lenovo,Notebook,14.0,8,Intel HD Graphics 520,Windows,1.7,11.064804181259648,0,180,0,0,1920,1080,157.3505121487356,Intel Core i5
HP,Notebook,13.3,4,Intel HD Graphics 515,Others/No OS/Linux,1.29,10.397183294038651,0,32,0,0,3200,1800,276.053530085501,Other Intel Processor
Acer,Notebook,15.6,4,AMD Radeon R5,Windows,2.4,9.933985719261916,500,0,0,0,1366,768,100.45466986113651,AMD Processor
Dell,Notebook,15.6,4,Intel HD Graphics,Others/No OS/Linux,2.2,9.950616680806068,500,0,0,0,1366,768,100.45466986113651,Other Intel Processor
HP,Notebook,15.6,4,Intel HD Graphics 520,Others/No OS/Linux,1.86,9.82197089913809,1,0,0,0,1366,768,100.45466986113651,Intel Core i3
Asus,Gaming,17.3,8,Nvidia GeForce GTX 1060,Windows,2.7,11.352694739066088,1,256,0,1,1920,1080,127.33567457123111,Intel Core i7
Dell,Ultrabook,13.3,4,AMD Radeon 530,Windows,1.4,10.682851144184026,0,256,0,1,1920,1080,165.6321180513006,Intel Core i5
HP,Netbook,12.5,4,Intel HD Graphics 520,Windows,2.4,11.352694739066088,0,128,0,0,1366,768,125.36742798669837,Intel Core i5
Acer,Notebook,15.6,8,Nvidia GeForce GTX 950M,Windows,2.4,10.658921971998408,1,256,0,0,1920,1080,141.21199808219862,Intel Core i5
Dell,Notebook,15.6,8,AMD Radeon R7 M445,Windows,2.36,10.435152442572992,1,0,0,0,1920,1080,141.21199808219862,Intel Core i5
MSI,Gaming,17.3,8,Nvidia GeForce GTX 965M,Windows,2.6,11.352694739066088,0,256,0,0,1920,1080,127.33567457123111,Intel Core i7
HP,Notebook,15.6,4,Intel HD Graphics 405,Windows,1.96,10.190169124654325,1,0,0,0,1366,768,100.45466986113651,Other Intel Processor
Asus,Gaming,17.3,16,Nvidia GeForce GTX 980M,Windows,4.3,11.715790550995315,1,128,0,1,1920,1080,127.33567457123111,Intel Core i7
Dell,Ultrabook,12.5,4,Intel HD Graphics 520,Windows,1.5,11.010081106005767,500,0,0,0,1366,768,125.36742798669837,Intel Core i3
Dell,Ultrabook,12.5,4,Intel HD Graphics 520,Windows,1.5,11.037726951247386,0,128,0,0,1366,768,125.36742798669837,Intel Core i3
Acer,Notebook,15.6,4,Intel HD Graphics,Others/No OS/Linux,2.2,9.317895278196945,0,16,0,0,1366,768,100.45466986113651,Other Intel Processor
HP,Workstation,17.3,8,AMD FirePro W6150M,Windows,3.0,11.947682155153789,1,0,0,1,1920,1080,127.33567457123111,Intel Core i7
Lenovo,Gaming,15.6,16,Nvidia GeForce GTX 1050 Ti,Windows,2.4,11.064804181259648,0,512,0,0,1920,1080,141.21199808219862,Intel Core i7
Dell,Ultrabook,12.5,8,Intel HD Graphics 520,Windows,1.5,11.229102177820835,0,256,0,0,1366,768,125.36742798669837,Intel Core i5
MSI,Gaming,17.3,8,Nvidia GeForce GTX 960M,Windows,2.9,11.296213725139731,1,128,0,0,1920,1080,127.33567457123111,Intel Core i7
Lenovo,2 in 1 Convertible,15.6,4,Intel HD Graphics 520,Windows,2.1,10.740600003012675,0,256,1,1,1920,1080,141.21199808219862,Intel Core i5
HP,Notebook,15.6,4,AMD Radeon R4,Windows,2.1,9.962013031516571,1,0,0,0,1920,1080,141.21199808219862,AMD Processor
Asus,Gaming,15.6,16,Nvidia GeForce GTX 960M,Windows,2.59,11.175239371923306,1,128,0,1,1920,1080,141.21199808219862,Intel Core i7
HP,Notebook,13.3,8,Intel HD Graphics 515,Windows,1.16,11.413356147904066,0,256,1,0,3200,1800,276.053530085501,Other Intel Processor
Dell,Notebook,15.6,4,AMD Radeon R5 M315,Windows,2.24,10.620847035233894,500,0,0,0,1366,768,100.45466986113651,Intel Core i5
Lenovo,Notebook,15.6,4,Intel HD Graphics 520,Windows,2.1,10.03701794516015,0,128,0,0,1366,768,100.45466986113651,Intel Core i3
HP,Ultrabook,13.3,8,Intel HD Graphics 520,Windows,1.16,11.56084210487126,0,512,0,0,1920,1080,165.6321180513006,Intel Core i7
Lenovo,2 in 1 Convertible,10.1,4,Intel HD Graphics 400,Others/No OS/Linux,0.69,10.283659467741664,0,64,1,1,1920,1200,224.17380907857276,Other Intel Processor
Dell,Ultrabook,13.3,8,Intel Iris Plus Graphics 640,Windows,1.23,11.204674904025435,0,256,0,0,1920,1080,165.6321180513006,Intel Core i7
Lenovo,Gaming,17.3,16,Nvidia GeForce GTX 980M,Windows,4.6,11.894913580522504,0,256,0,1,1920,1080,127.33567457123111,Intel Core i7
Razer,Ultrabook,12.5,8,Intel HD Graphics 520,Windows,1.25,10.911903762066183,0,256,1,0,3840,2160,352.4651472131677,Intel Core i7
Toshiba,Ultrabook,13.3,16,Intel HD Graphics 620,Windows,1.05,11.683522558067624,0,512,0,0,1920,1080,165.6321180513006,Intel Core i7
Asus,Gaming,17.3,8,Nvidia GeForce GTX 960M,Windows,3.52,11.155242401621269,1,128,0,0,1920,1080,127.33567457123111,Intel Core i7
Vero,Notebook,13.3,4,Intel HD Graphics 400,Windows,1.35,9.253675685462651,0,32,0,0,1920,1080,165.6321180513006,Other Intel Processor
HP,Notebook,13.3,8,Intel HD Graphics 520,Windows,1.16,11.408044834149253,0,256,0,0,1920,1080,165.6321180513006,Intel Core i5
HP,Notebook,14.0,8,Intel HD Graphics 520,Windows,1.43,11.29741074002049,0,256,0,0,1920,1080,157.3505121487356,Intel Core i5
Dell,Notebook,15.6,4,Intel HD Graphics 520,Others/No OS/Linux,2.09,10.236346354272076,500,0,0,0,1366,768,100.45466986113651,Intel Core i5
Asus,Notebook,15.6,4,Intel HD Graphics 620,Windows,2.0,10.050907057320817,1,0,0,0,1366,768,100.45466986113651,Intel Core i3
Lenovo,2 in 1 Convertible,14.0,8,Intel HD Graphics 520,Windows,1.8,11.395540949893968,0,256,1,1,1920,1080,157.3505121487356,Intel Core i7
Lenovo,2 in 1 Convertible,10.1,4,Intel HD Graphics 400,Windows,0.69,10.147261623643049,0,64,1,1,1920,1200,224.17380907857276,Other Intel Processor
HP,Ultrabook,12.5,8,Intel HD Graphics 520,Windows,1.26,11.52253514374866,0,256,0,0,1366,768,125.36742798669837,Intel Core i5
Lenovo,Gaming,15.6,8,Nvidia GeForce GTX 1060,Others/No OS/Linux,2.4,10.872255357854845,1,128,0,1,1920,1080,141.21199808219862,Intel Core i5
HP,Gaming,17.3,8,Nvidia GeForce GTX 1060,Windows,3.35,11.004648590381796,1,128,0,1,1920,1080,127.33567457123111,Intel Core i5
HP,Notebook,15.6,8,Intel HD Graphics 620,Windows,2.04,10.419692282932575,2,0,0,0,1366,768,100.45466986113651,Intel Core i7
Lenovo,2 in 1 Convertible,14.0,8,Nvidia Quadro M500M,Windows,1.8,11.601341447040118,0,512,1,1,1920,1080,157.3505121487356,Intel Core i7
Asus,Notebook,14.0,4,Intel HD Graphics 500,Windows,1.5,9.60318213992277,0,32,0,0,1366,768,111.93520355955211,Other Intel Processor
HP,Ultrabook,15.6,8,Intel HD Graphics 620,Windows,1.84,10.598297350181973,0,256,0,0,1920,1080,141.21199808219862,Intel Core i7
Acer,Notebook,15.6,4,Nvidia GeForce 940MX,Windows,2.23,10.398807989765654,1,0,0,0,1920,1080,141.21199808219862,Intel Core i5
Lenovo,Notebook,15.6,16,AMD Radeon R7 M360,Windows,2.5,10.977716980635755,0,0,0,0,1920,1080,141.21199808219862,Intel Core i7
HP,Workstation,17.3,8,Nvidia Quadro M3000M,Windows,3.0,12.256879973855343,0,256,0,1,1920,1080,127.33567457123111,Intel Core i7
Dell,Notebook,15.6,8,AMD Radeon R7 M445,Windows,2.5,10.639970046582542,1,0,0,0,1366,768,100.45466986113651,Intel Core i5
MSI,Gaming,17.3,16,Nvidia GeForce GTX 980M,Windows,3.78,11.758368289071829,1,256,0,0,1920,1080,127.33567457123111,Intel Core i7
HP,Ultrabook,15.6,8,Intel HD Graphics 520,Windows,1.88,11.658835785532077,0,256,0,0,1920,1080,141.21199808219862,Intel Core i7
Lenovo,2 in 1 Convertible,14.0,16,Intel HD Graphics 520,Windows,2.8,11.775314344519382,0,512,1,1,2560,1440,209.8006828649808,Intel Core i7
MSI,Gaming,15.6,8,Nvidia GeForce GTX 1050,Windows,2.4,11.016797696588752,1,128,0,0,1920,1080,141.21199808219862,Intel Core i7
HP,2 in 1 Convertible,13.3,8,Intel HD Graphics 520,Windows,1.48,11.371282634834179,0,256,1,0,1920,1080,165.6321180513006,Intel Core i5
HP,Workstation,15.6,8,Nvidia Quadro M1000M,Windows,2.59,11.684869359618002,0,256,0,1,1920,1080,141.21199808219862,Intel Core i7
HP,2 in 1 Convertible,13.3,8,Intel HD Graphics 520,Windows,1.48,11.470547260182666,0,256,1,0,2560,1440,220.84282406840083,Intel Core i7
HP,Workstation,15.6,8,Nvidia Quadro M1000M,Windows,2.0,11.52464373704442,0,256,0,0,1920,1080,141.21199808219862,Intel Core i7
HP,Ultrabook,12.5,8,Intel HD Graphics 520,Windows,1.26,11.71489846116146,0,256,0,0,1920,1080,176.23257360658386,Intel Core i7
Dell,Notebook,15.6,8,Nvidia GeForce 940MX,Windows,2.18,10.893167621264645,0,256,0,0,1920,1080,141.21199808219862,Intel Core i7
HP,Notebook,15.6,8,Intel HD Graphics 520,Windows,1.88,11.340108040487776,0,256,0,0,1920,1080,141.21199808219862,Intel Core i5
Lenovo,2 in 1 Convertible,14.0,8,Intel HD Graphics 520,Windows,1.27,11.733039792816312,0,256,1,1,2560,1440,209.8006828649808,Intel Core i7
Lenovo,Notebook,15.6,4,Intel HD Graphics 520,Others/No OS/Linux,1.9,9.801561133612584,1,0,0,0,1366,768,100.45466986113651,Intel Core i3
HP,Notebook,15.6,4,AMD Radeon R2 Graphics,Windows,1.86,9.669293165034833,500,0,0,0,1366,768,100.45466986113651,AMD Processor
Lenovo,Notebook,15.6,8,AMD Radeon R5 M330,Others/No OS/Linux,2.32,10.370822624347584,1,0,0,0,1920,1080,141.21199808219862,Intel Core i5
Dell,Gaming,15.6,8,Nvidia GeForce GTX 1050Ti,Windows,2.62,11.064804181259648,1,0,0,0,1920,1080,141.21199808219862,Intel Core i7
Dell,Notebook,15.6,8,Nvidia GeForce 960M,Windows,2.04,11.694548697992886,0,256,1,1,3840,2160,282.42399616439724,Intel Core i5
HP,Notebook,15.6,4,AMD Radeon 520,Windows,1.91,10.147031952176631,0,256,0,0,1920,1080,141.21199808219862,AMD Processor
MSI,Gaming,17.3,16,Nvidia GeForce GTX 1050 Ti,Windows,2.7,11.283969856325212,1,256,0,0,1920,1080,127.33567457123111,Intel Core i7
Lenovo,Ultrabook,14.0,12,Intel HD Graphics 520,Windows,1.4,11.715790550995315,0,512,0,0,1920,1080,157.3505121487356,Intel Core i7
Lenovo,Notebook,15.6,8,AMD Radeon R5 M330,Windows,2.5,10.645680750246626,0,0,0,0,1920,1080,141.21199808219862,Intel Core i5
HP,2 in 1 Convertible,13.3,8,Intel HD Graphics 520,Windows,1.48,11.596756189041978,0,512,1,0,2560,1440,220.84282406840083,Intel Core i7
Lenovo,Ultrabook,14.0,8,Intel HD Graphics 520,Windows,1.7,11.288114524334732,0,256,0,0,1920,1080,157.3505121487356,Intel Core i7
MSI,Gaming,14.0,16,Nvidia GeForce GTX 970M,Windows,1.7,11.453730720391919,1,256,0,0,1920,1080,157.3505121487356,Intel Core i7
HP,Gaming,15.6,8,Nvidia GeForce GTX 1050,Windows,2.62,10.776844060703754,1,0,0,1,1920,1080,141.21199808219862,Intel Core i7
Lenovo,Notebook,15.6,8,Intel HD Graphics 520,Windows,2.2,10.104611236292678,1,0,0,0,1366,768,100.45466986113651,Intel Core i3
HP,Notebook,15.6,4,Intel HD Graphics 520,Others/No OS/Linux,2.1,10.143056552540132,500,0,0,0,1366,768,100.45466986113651,Intel Core i5
Dell,Gaming,15.6,8,Nvidia GeForce GTX 1050 Ti,Windows,2.62,11.2874471903093,1,128,0,0,3840,2160,282.42399616439724,Intel Core i7
Lenovo,Notebook,15.6,8,Intel HD Graphics 620,Windows,1.95,11.212620052356872,0,256,0,1,1920,1080,141.21199808219862,Intel Core i5
Lenovo,Notebook,15.6,4,Nvidia GeForce 920MX ,Windows,2.2,10.12402932214978,1,0,0,0,1920,1080,141.21199808219862,Intel Core i3
HP,Notebook,14.0,2,Intel HD Graphics 400,Windows,1.44,9.493013922696841,0,32,0,0,1366,768,111.93520355955211,Other Intel Processor
MSI,Gaming,15.6,8,Nvidia GeForce GTX 1050,Windows,2.2,10.70777173269934,1,0,0,1,1920,1080,141.21199808219862,Intel Core i7
HP,Notebook,15.6,8,Intel HD Graphics 520,Windows,1.96,10.49618215379083,0,256,0,0,1920,1080,141.21199808219862,Intel Core i7
HP,Notebook,15.6,16,Intel UHD Graphics 620,Windows,2.1,11.030873869571886,0,512,0,0,1920,1080,141.21199808219862,Intel Core i7
Asus,Notebook,15.6,4,Intel HD Graphics,Windows,2.2,9.88635767027266,500,0,0,0,1366,768,100.45466986113651,Other Intel Processor
Lenovo,Notebook,15.6,4,Intel HD Graphics 520,Others/No OS/Linux,2.1,9.962013031516571,500,0,0,0,1366,768,100.45466986113651,Intel Core i5
Lenovo,Notebook,15.6,8,Nvidia GeForce 940MX,Others/No OS/Linux,2.2,10.53941655276426,1,0,0,0,1920,1080,141.21199808219862,Intel Core i7
Asus,Notebook,14.0,4,Intel HD Graphics 620,Windows,2.0,10.620651995737777,0,256,0,0,1920,1080,157.3505121487356,Intel Core i3
Lenovo,Notebook,15.6,4,Intel HD Graphics 520,Windows,2.32,10.690944412566814,0,0,0,0,1920,1080,141.21199808219862,Intel Core i7
Lenovo,Gaming,15.6,16,Nvidia GeForce GTX 960,Windows,3.31,11.149519345988928,0,512,0,1,1920,1080,141.21199808219862,Intel Core i7
MSI,Gaming,15.6,16,Nvidia GeForce GTX 970M,Windows,1.91,11.650350362059477,1,128,0,0,1920,1080,141.21199808219862,Intel Core i7
HP,Notebook,15.6,4,Intel HD Graphics 520,Windows,2.07,10.452533389121816,500,0,0,0,1366,768,100.45466986113651,Intel Core i3
Lenovo,2 in 1 Convertible,14.0,8,Intel HD Graphics 520,Windows,1.36,11.37618160360327,0,256,1,1,2560,1440,209.8006828649808,Intel Core i5
Lenovo,Ultrabook,15.6,6,Nvidia GeForce 920M,Windows,1.54,10.698190821087582,0,256,0,0,1920,1080,141.21199808219862,Intel Core i7
Dell,Notebook,15.6,8,Nvidia GeForce GT 940MX,Others/No OS/Linux,1.98,10.772395917628927,0,256,0,0,1920,1080,141.21199808219862,Intel Core i7
Acer,Notebook,15.6,4,Intel HD Graphics 500,Windows,2.1,9.783703516212578,500,0,0,0,1366,768,100.45466986113651,Other Intel Processor
HP,Notebook,15.6,6,Nvidia GeForce GTX 960M,Windows,2.18,10.658921971998408,1,0,0,1,1920,1080,141.21199808219862,Intel Core i7
Asus,Gaming,15.6,8,Nvidia GeForce GTX 960M,Windows,2.591,10.787906120409612,1,256,0,1,1920,1080,141.21199808219862,Intel Core i7
Dell,2 in 1 Convertible,15.6,16,Intel HD Graphics 620,Windows,2.09,11.047982926769505,0,512,1,0,1920,1080,141.21199808219862,Intel Core i7
Acer,Notebook,15.6,4,Nvidia GeForce 940MX,Windows,2.23,10.513700849999804,0,256,0,0,1920,1080,141.21199808219862,Intel Core i5
Dell,Ultrabook,13.3,8,Intel HD Graphics 520,Others/No OS/Linux,1.23,10.977716980635755,0,256,1,0,3200,1800,276.053530085501,Intel Core i5
Acer,Gaming,17.3,16,Nvidia GeForce GTX 1070,Windows,4.2,11.838443060873624,1,256,0,1,1920,1080,127.33567457123111,Intel Core i7
Lenovo,Gaming,15.6,8,Nvidia GeForce GTX 1050,Windows,2.4,10.683645110085203,1,0,0,1,1920,1080,141.21199808219862,Intel Core i5
Samsung,2 in 1 Convertible,12.3,4,ARM Mali T860 MP4,Others/No OS/Linux,1.15,10.46628456073464,0,32,1,1,2400,1600,234.50740003017813,AMD Processor
HP,Notebook,15.6,4,Intel HD Graphics 620,Windows,1.86,10.159709917169616,500,0,0,0,1366,768,100.45466986113651,Intel Core i5
Apple,Ultrabook,12.0,8,Intel HD Graphics 5300,macOS,0.92,11.034319178750797,0,256,0,1,2304,1440,226.41554716935852,Other Intel Processor
Dell,2 in 1 Convertible,13.3,8,Intel HD Graphics 620,Windows,1.6,11.064804181259648,0,256,1,1,1920,1080,165.6321180513006,Intel Core i5
HP,Notebook,15.6,12,Nvidia GeForce GTX 1050,Windows,2.21,11.166237060564342,1,128,0,1,1920,1080,141.21199808219862,Intel Core i7
Lenovo,Notebook,15.6,4,AMD Radeon R5 M430,Others/No OS/Linux,1.9,9.883643964401065,1,0,0,0,1366,768,100.45466986113651,Intel Core i3
Asus,Gaming,17.3,16,Nvidia GeForce GTX 980M,Windows,4.3,11.648784147353842,1,512,0,1,1920,1080,127.33567457123111,Intel Core i7
Acer,Notebook,15.6,4,Intel HD Graphics 500,Others/No OS/Linux,2.1,9.58136309252813,1,0,0,0,1366,768,100.45466986113651,Other Intel Processor
MSI,Gaming,17.3,16,Nvidia GeForce GTX 1060,Windows,2.43,11.600619368985287,1,256,0,0,1920,1080,127.33567457123111,Intel Core i7
Dell,Notebook,15.6,4,AMD Radeon R7 M440,Windows,2.3,10.188167121983652,0,128,0,0,1366,768,100.45466986113651,Intel Core i3
Lenovo,Notebook,15.6,8,Nvidia GeForce 920MX,Others/No OS/Linux,2.2,10.419692282932575,500,0,0,0,1366,768,100.45466986113651,Intel Core i7
Dell,2 in 1 Convertible,15.6,16,Intel UHD Graphics 620,Windows,2.0,11.134075023561454,0,512,1,0,1920,1080,141.21199808219862,Intel Core i7
Dell,Ultrabook,13.3,16,Intel HD Graphics 620,Windows,1.2,11.869133099737036,0,512,1,0,3200,1800,276.053530085501,Intel Core i7
Asus,Gaming,15.6,8,Nvidia GeForce GTX 1060,Windows,2.2,11.039464987704202,1,0,0,0,1920,1080,141.21199808219862,Intel Core i7
Dell,Notebook,15.6,8,AMD Radeon R7 M445,Windows,2.36,10.765658261746038,0,256,0,0,1920,1080,141.21199808219862,Intel Core i5
HP,Notebook,15.6,8,Intel HD Graphics 620,Windows,1.91,10.336863503805128,0,256,0,0,1366,768,100.45466986113651,Intel Core i5
Lenovo,Notebook,15.6,4,AMD Radeon R2 Graphics,Windows,2.2,9.67600459962282,500,0,0,0,1366,768,100.45466986113651,AMD Processor
Acer,Notebook,17.3,8,Nvidia GeForce 940MX,Windows,3.3,10.419692282932575,1,0,0,0,1600,900,106.11306214269258,Intel Core i3
Asus,Gaming,15.6,16,Nvidia GeForce GTX 1070,Windows,2.2,11.778996083184301,1,256,0,0,1920,1080,141.21199808219862,Intel Core i7
Apple,Ultrabook,12.0,8,Intel HD Graphics 515,macOS,0.92,11.129394827810977,0,512,0,1,2304,1440,226.41554716935852,Other Intel Processor
Asus,Notebook,15.6,16,Nvidia GeForce GTX 1060,Windows,2.2,11.442360501250736,1,128,0,0,1920,1080,141.21199808219862,Intel Core i7
MSI,Gaming,17.3,16,Nvidia GeForce GTX 1060,Windows,2.43,11.550627594890205,1,256,0,1,1920,1080,127.33567457123111,Intel Core i7
Dell,2 in 1 Convertible,15.6,8,Intel HD Graphics 620,Windows,2.191,10.882315804880687,0,256,1,1,1920,1080,141.21199808219862,Intel Core i5
Asus,Gaming,17.3,16,Nvidia GeForce GTX 1060,Windows,2.9,11.550632725739694,1,256,0,0,1920,1080,127.33567457123111,Intel Core i7
Acer,Netbook,11.6,2,Intel HD Graphics,Others/No OS/Linux,1.3,9.134616325446663,0,32,0,0,1366,768,135.0942111925629,Other Intel Processor
Acer,Notebook,17.3,4,Nvidia GeForce 940MX,Windows,3.3,10.369151780182765,1,0,0,0,1600,900,106.11306214269258,Intel Core i3
Lenovo,Notebook,17.3,8,Intel HD Graphics 620,Others/No OS/Linux,2.8,10.265276597141131,1,0,0,0,1600,900,106.11306214269258,Intel Core i5
Lenovo,Gaming,15.6,8,Nvidia GeForce GTX 960<U+039C>,Windows,2.6,11.123906770132201,1,128,0,1,1920,1080,141.21199808219862,Intel Core i7
Acer,2 in 1 Convertible,14.0,8,Intel HD Graphics 615,Windows,1.2,11.02220830408089,0,256,1,1,1920,1080,157.3505121487356,Intel Core i7
Lenovo,Notebook,15.6,8,Intel HD Graphics 520,Windows,2.3,11.307930232161196,0,256,0,1,1920,1080,141.21199808219862,Intel Core i7
MSI,Gaming,15.6,8,Nvidia GeForce GTX 1060,Windows,2.2,11.272726554360904,1,128,0,0,1920,1080,141.21199808219862,Intel Core i7
HP,Notebook,15.6,6,AMD Radeon 530,Windows,2.1,10.246549458090433,1,0,0,0,1920,1080,141.21199808219862,AMD Processor
Dell,Ultrabook,12.5,8,Intel HD Graphics 520,Windows,1.26,11.421778496562451,0,256,1,0,1920,1080,176.23257360658386,Intel Core i5
Dell,2 in 1 Convertible,15.0,4,Intel HD Graphics 620,Windows,2.08,10.208009042782656,500,0,1,0,1920,1080,146.86047800548656,Intel Core i3
Asus,Notebook,15.6,4,Intel HD Graphics 405,Windows,2.65,9.708902303129879,1,0,0,0,1366,768,100.45466986113651,Other Intel Processor
Dell,Ultrabook,13.3,8,Intel HD Graphics 620,Windows,1.29,11.273329308763513,0,256,1,0,3200,1800,276.053530085501,Intel Core i7
Dell,Notebook,15.6,4,Intel HD Graphics 520,Others/No OS/Linux,2.18,10.23296037890921,1,0,0,0,1366,768,100.45466986113651,Intel Core i5
Lenovo,Gaming,15.6,16,Nvidia GeForce GTX 960M,Windows,2.6,10.911903762066183,1,128,1,1,1920,1080,141.21199808219862,Intel Core i7
MSI,Gaming,15.6,8,Nvidia GeForce GTX 1050,Windows,2.2,11.02220830408089,1,128,0,0,1920,1080,141.21199808219862,Intel Core i7
Lenovo,Netbook,12.5,16,Intel HD Graphics 520,Windows,1.3,11.38409159312676,0,512,1,1,1920,1080,176.23257360658386,Intel Core i7
Razer,Gaming,14.0,16,Nvidia GeForce GTX 1060,Windows,1.95,12.135793518599822,0,1,0,0,1920,1080,157.3505121487356,Intel Core i7
Dell,Notebook,15.6,8,Intel HD Graphics 620,Windows,2.3,10.126185116412724,1,0,1,0,1366,768,100.45466986113651,Intel Core i3
MSI,Gaming,17.3,16,Nvidia GeForce GTX 1060,Windows,2.7,11.352069152558354,1,256,0,0,1920,1080,127.33567457123111,Intel Core i7
Apple,Ultrabook,11.6,4,Intel HD Graphics 6000,macOS,1.08,10.841452101115571,0,256,0,0,1366,768,135.0942111925629,Intel Core i5
HP,Notebook,15.6,4,Intel HD Graphics 520,Windows,2.1,10.14517175872359,1,0,0,0,1920,1080,141.21199808219862,Intel Core i3
HP,Ultrabook,14.0,8,Intel HD Graphics 520,Windows,1.54,11.670950599679987,0,256,0,0,2560,1440,209.8006828649808,Intel Core i7
Dell,Notebook,15.6,4,Intel HD Graphics 520,Windows,2.24,10.578148918421471,500,0,0,0,1366,768,100.45466986113651,Intel Core i5
MSI,Gaming,15.6,8,Nvidia GeForce GTX 960M,Windows,2.3,11.039464987704202,1,128,0,0,1920,1080,141.21199808219862,Intel Core i7
Lenovo,Notebook,13.3,16,Intel HD Graphics 620,Windows,1.4,11.288114524334732,0,512,0,1,1920,1080,165.6321180513006,Intel Core i7
Lenovo,Notebook,15.6,6,AMD Radeon 530,Windows,2.2,10.368432457987426,0,256,0,0,1920,1080,141.21199808219862,AMD Processor
Asus,Ultrabook,13.3,8,Intel HD Graphics 520,Windows,1.45,11.130176383145796,0,256,0,0,1920,1080,165.6321180513006,Intel Core i7
Acer,Notebook,15.6,4,Intel HD Graphics 520,Others/No OS/Linux,2.4,9.866652599193328,500,0,0,0,1366,768,100.45466986113651,Intel Core i3
Dell,2 in 1 Convertible,17.3,16,Nvidia GeForce 940MX,Windows,2.77,11.470547260182666,0,512,1,0,1920,1080,127.33567457123111,Intel Core i7
HP,Notebook,14.0,4,Intel HD Graphics 520,Windows,1.54,10.978617394068182,0,256,0,0,1920,1080,157.3505121487356,Intel Core i5
Asus,Gaming,15.6,16,Nvidia GeForce GTX 1050 Ti,Windows,2.5,11.353319934460007,1,256,0,1,1920,1080,141.21199808219862,Intel Core i7
Dell,Notebook,14.0,4,Intel HD Graphics 620,Windows,1.6,10.749784912589748,500,0,0,0,1366,768,111.93520355955211,Intel Core i5
Asus,Gaming,15.6,16,Nvidia GeForce GTX 1070,Windows,2.34,11.727036344253591,1,256,0,1,1920,1080,141.21199808219862,Intel Core i7
Lenovo,Notebook,15.6,8,Intel HD Graphics 620,Others/No OS/Linux,2.3,10.326446742946873,0,256,0,1,1920,1080,141.21199808219862,Intel Core i5
Dell,2 in 1 Convertible,13.3,8,Intel HD Graphics 615,Windows,1.24,11.478299236986985,0,256,1,0,3200,1800,276.053530085501,Intel Core i5
Dell,Notebook,15.6,4,Intel HD Graphics,Others/No OS/Linux,2.2,9.756304542024463,500,0,0,0,1366,768,100.45466986113651,Other Intel Processor
HP,Notebook,15.6,4,AMD Radeon R4 Graphics,Windows,1.86,9.964522443121997,500,0,0,0,1366,768,100.45466986113651,AMD Processor
Lenovo,Notebook,15.6,6,Nvidia GeForce 920MX,Windows,2.4,10.319441460358465,0,128,0,0,1920,1080,141.21199808219862,Intel Core i3
Lenovo,Notebook,14.0,8,Intel HD Graphics 520,Windows,1.9,10.952842367862882,0,256,0,1,1920,1080,157.3505121487356,Intel Core i5
Dell,Notebook,15.6,4,Intel HD Graphics,Windows,2.2,10.0713630658882,500,0,0,0,1366,768,100.45466986113651,Other Intel Processor
Asus,Notebook,15.6,4,Intel HD Graphics 500,Windows,2.0,9.801561133612584,1,0,0,0,1366,768,100.45466986113651,Other Intel Processor
Asus,Gaming,17.3,16,Nvidia GeForce GTX 970M,Windows,4.0,11.525170191386666,1,128,0,1,1920,1080,127.33567457123111,Intel Core i7
Dell,Notebook,15.6,4,Intel HD Graphics 520,Windows,2.29,10.169966417336806,500,0,0,0,1366,768,100.45466986113651,Intel Core i3
Lenovo,Notebook,15.6,8,AMD Radeon R5 M330,Windows,2.32,10.772384744506988,0,0,0,0,1920,1080,141.21199808219862,Intel Core i7
MSI,Gaming,15.6,8,Nvidia GeForce GTX 960M,Windows,2.4,11.089517135798168,1,128,0,0,1920,1080,141.21199808219862,Intel Core i7
Lenovo,2 in 1 Convertible,14.0,4,Intel HD Graphics 520,Windows,1.8,10.70060667312884,0,128,1,0,1920,1080,157.3505121487356,Intel Core i5
Asus,Ultrabook,13.3,8,Intel HD Graphics 515,Windows,1.2,10.567234758240792,0,512,0,1,1920,1080,165.6321180513006,Other Intel Processor
Dell,Notebook,15.6,6,Intel HD Graphics 620,Windows,2.3,10.104611236292678,1,0,0,0,1366,768,100.45466986113651,Intel Core i3
Acer,Notebook,15.6,4,Intel HD Graphics 400,Others/No OS/Linux,2.4,9.641987714344566,500,0,0,0,1366,768,100.45466986113651,Other Intel Processor
Dell,Notebook,15.6,2,Intel HD Graphics,Windows,2.2,9.913097231314559,500,0,0,0,1366,768,100.45466986113651,Other Intel Processor
Lenovo,Notebook,15.6,8,Nvidia GeForce GTX 960M,Windows,2.6,10.776844060703754,1,0,0,1,1920,1080,141.21199808219862,Intel Core i7
HP,Notebook,15.6,6,AMD Radeon R7 M440,Windows,2.04,10.285461122475176,0,0,0,0,1920,1080,141.21199808219862,AMD Processor
Dell,Notebook,15.6,8,AMD Radeon R5 M430,Others/No OS/Linux,2.3,10.667632361713904,1,0,0,0,1366,768,100.45466986113651,Intel Core i7
HP,Netbook,11.6,2,Intel HD Graphics 400,Windows,1.17,9.317895278196945,0,32,0,0,1366,768,135.0942111925629,Other Intel Processor
Asus,Notebook,15.6,4,Nvidia GeForce 920M,Windows,2.2,10.5552565839505,500,0,0,0,1366,768,100.45466986113651,Intel Core i7
Lenovo,2 in 1 Convertible,14.0,4,Intel HD Graphics 520,Windows,1.8,10.433899309576924,0,128,1,1,1920,1080,157.3505121487356,Intel Core i7
Lenovo,2 in 1 Convertible,13.3,16,Intel HD Graphics 520,Windows,1.3,11.288114524334732,0,512,1,1,3200,1800,276.053530085501,Intel Core i7
Lenovo,Notebook,14.0,2,Intel HD Graphics,Windows,1.5,9.409283029786373,0,64,0,0,1366,768,111.93520355955211,Other Intel Processor
HP,Notebook,15.6,6,AMD Radeon R5 M330,Windows,2.19,10.614128815398654,1,0,0,0,1366,768,100.45466986113651,Intel Core i7
Asus,Notebook,15.6,4,Intel HD Graphics,Windows,2.2,9.88635767027266,500,0,0,0,1366,768,100.45466986113651,Other Intel Processor
Asus,Ultrabook,13.3,8,Intel HD Graphics 515,Windows,1.2,10.567234758240792,0,512,0,1,1920,1080,165.6321180513006,Other Intel Processor
Dell,Notebook,15.6,6,Intel HD Graphics 620,Windows,2.3,10.104611236292678,1,0,0,0,1366,768,100.45466986113651,Intel Core i3
Acer,Notebook,15.6,4,Intel HD Graphics 400,Others/No OS/Linux,2.4,9.641987714344566,500,0,0,0,1366,768,100.45466986113651,Other Intel Processor
Dell,Notebook,15.6,2,Intel HD Graphics,Windows,2.2,9.913097231314559,500,0,0,0,1366,768,100.45466986113651,Other Intel Processor
Lenovo,Notebook,15.6,8,Nvidia GeForce GTX 960M,Windows,2.6,10.776844060703754,1,0,0,1,1920,1080,141.21199808219862,Intel Core i7
HP,Notebook,15.6,6,AMD Radeon R7 M440,Windows,2.04,10.285461122475176,0,0,0,0,1920,1080,141.21199808219862,AMD Processor
Dell,Notebook,15.6,8,AMD Radeon R5 M430,Others/No OS/Linux,2.3,10.667632361713904,1,0,0,0,1366,768,100.45466986113651,Intel Core i7
HP,Netbook,11.6,2,Intel HD Graphics 400,Windows,1.17,9.317895278196945,0,32,0,0,1366,768,135.0942111925629,Other Intel Processor
Asus,Notebook,15.6,4,Nvidia GeForce 920M,Windows,2.2,10.5552565839505,500,0,0,0,1366,768,100.45466986113651,Intel Core i7
Lenovo,2 in 1 Convertible,14.0,4,Intel HD Graphics 520,Windows,1.8,10.433899309576924,0,128,1,1,1920,1080,157.3505121487356,Intel Core i7
Lenovo,2 in 1 Convertible,13.3,16,Intel HD Graphics 520,Windows,1.3,11.288114524334732,0,512,1,1,3200,1800,276.053530085501,Intel Core i7
Lenovo,Notebook,14.0,2,Intel HD Graphics,Windows,1.5,9.409283029786373,0,64,0,0,1366,768,111.93520355955211,Other Intel Processor
HP,Notebook,15.6,6,AMD Radeon R5 M330,Windows,2.19,10.614128815398654,1,0,0,0,1366,768,100.45466986113651,Intel Core i7
Asus,Notebook,15.6,4,Intel HD Graphics,Windows,2.2,9.88635767027266,500,0,0,0,1366,768,100.45466986113651,Other Intel Processor
Asus,Ultrabook,13.3,8,Intel HD Graphics 515,Windows,1.2,10.567234758240792,0,512,0,1,1920,1080,165.6321180513006,Other Intel Processor
Dell,Notebook,15.6,6,Intel HD Graphics 620,Windows,2.3,10.104611236292678,1,0,0,0,1366,768,100.45466986113651,Intel Core i3
Acer,Notebook,15.6,4,Intel HD Graphics 400,Others/No OS/Linux,2.4,9.641987714344566,500,0,0,0,1366,768,100.45466986113651,Other Intel Processor
Dell,Notebook,15.6,2,Intel HD Graphics,Windows,2.2,9.913097231314559,500,0,0,0,1366,768,100.45466986113651,Other Intel Processor
Lenovo,Notebook,15.6,8,Nvidia GeForce GTX 960M,Windows,2.6,10.776844060703754,1,0,0,1,1920,1080,141.21199808219862,Intel Core i7
HP,Notebook,15.6,6,AMD Radeon R7 M440,Windows,2.04,10.285461122475176,0,0,0,0,1920,1080,141.21199808219862,AMD Processor
Dell,Notebook,15.6,8,AMD Radeon R5 M430,Others/No OS/Linux,2.3,10.667632361713904,1,0,0,0,1366,768,100.45466986113651,Intel Core i7
HP,Netbook,11.6,2,Intel HD Graphics 400,Windows,1.17,9.317895278196945,0,32,0,0,1366,768,135.0942111925629,Other Intel Processor
Asus,Notebook,15.6,4,Nvidia GeForce 920M,Windows,2.2,10.5552565839505,500,0,0,0,1366,768,100.45466986113651,Intel Core i7
Lenovo,2 in 1 Convertible,14.0,4,Intel HD Graphics 520,Windows,1.8,10.433899309576924,0,128,1,1,1920,1080,157.3505121487356,Intel Core i7
Lenovo,2 in 1 Convertible,13.3,16,Intel HD Graphics 520,Windows,1.3,11.288114524334732,0,512,1,1,3200,1800,276.053530085501,Intel Core i7
Lenovo,Notebook,14.0,2,Intel HD Graphics,Windows,1.5,9.409283029786373,0,64,0,0,1366,768,111.93520355955211,Other Intel Processor
HP,Notebook,15.6,6,AMD Radeon R5 M330,Windows,2.19,10.614128815398654,1,0,0,0,1366,768,100.45466986113651,Intel Core i7
Asus,Notebook,15.6,4,Intel HD Graphics,Windows,2.2,9.88635767027266,500,0,0,0,1366,768,100.45466986113651,Other Intel Processor
